FactKey,DateKey,Date,Year,Month,CountryKey,CustomerKey,GroupKey,Volume,DataType
1,20240101,2024-01-01,2024,1,1,1001,1,103,Actual
2,20240201,2024-02-01,2024,2,1,1001,1,129,Actual
3,20240301,2024-03-01,2024,3,1,1001,1,129,Actual
4,20240401,2024-04-01,2024,4,1,1001,1,130,Actual
5,20240501,2024-05-01,2024,5,1,1001,1,119,Actual
6,20240601,2024-06-01,2024,6,1,1001,1,125,Actual
7,20240701,2024-07-01,2024,7,1,1001,1,93,Actual
8,20240801,2024-08-01,2024,8,1,1001,1,112,Actual
9,20240901,2024-09-01,2024,9,1,1001,1,130,Actual
10,20241001,2024-10-01,2024,10,1,1001,1,141,Actual
11,20241101,2024-11-01,2024,11,1,1001,1,119,Actual
12,20241201,2024-12-01,2024,12,1,1001,1,173,Actual
13,20240101,2024-01-01,2024,1,2,1002,1,107,Actual
14,20240201,2024-02-01,2024,2,2,1002,1,95,Actual
15,20240301,2024-03-01,2024,3,2,1002,1,99,Actual
16,20240401,2024-04-01,2024,4,2,1002,1,104,Actual
17,20240501,2024-05-01,2024,5,2,1002,1,114,Actual
18,20240601,2024-06-01,2024,6,2,1002,1,127,Actual
19,20240701,2024-07-01,2024,7,2,1002,1,96,Actual
20,20240801,2024-08-01,2024,8,2,1002,1,86,Actual
21,20240901,2024-09-01,2024,9,2,1002,1,119,Actual
22,20241001,2024-10-01,2024,10,2,1002,1,108,Actual
23,20241101,2024-11-01,2024,11,2,1002,1,119,Actual
24,20241201,2024-12-01,2024,12,2,1002,1,132,Actual
25,20240101,2024-01-01,2024,1,1,1003,1,106,Actual
26,20240201,2024-02-01,2024,2,1,1003,1,124,Actual
27,20240301,2024-03-01,2024,3,1,1003,1,109,Actual
28,20240401,2024-04-01,2024,4,1,1003,1,127,Actual
29,20240501,2024-05-01,2024,5,1,1003,1,137,Actual
30,20240601,2024-06-01,2024,6,1,1003,1,120,Actual
31,20240701,2024-07-01,2024,7,1,1003,1,111,Actual
32,20240801,2024-08-01,2024,8,1,1003,1,91,Actual
33,20240901,2024-09-01,2024,9,1,1003,1,110,Actual
34,20241001,2024-10-01,2024,10,1,1003,1,151,Actual
35,20241101,2024-11-01,2024,11,1,1003,1,159,Actual
36,20241201,2024-12-01,2024,12,1,1003,1,166,Actual
37,20240101,2024-01-01,2024,1,2,1004,1,92,Actual
38,20240201,2024-02-01,2024,2,2,1004,1,91,Actual
39,20240301,2024-03-01,2024,3,2,1004,1,115,Actual
40,20240401,2024-04-01,2024,4,2,1004,1,113,Actual
41,20240501,2024-05-01,2024,5,2,1004,1,107,Actual
42,20240601,2024-06-01,2024,6,2,1004,1,126,Actual
43,20240701,2024-07-01,2024,7,2,1004,1,84,Actual
44,20240801,2024-08-01,2024,8,2,1004,1,103,Actual
45,20240901,2024-09-01,2024,9,2,1004,1,107,Actual
46,20241001,2024-10-01,2024,10,2,1004,1,127,Actual
47,20241101,2024-11-01,2024,11,2,1004,1,119,Actual
48,20241201,2024-12-01,2024,12,2,1004,1,139,Actual
49,20240101,2024-01-01,2024,1,1,1005,1,109,Actual
50,20240201,2024-02-01,2024,2,1,1005,1,103,Actual
51,20240301,2024-03-01,2024,3,1,1005,1,137,Actual
52,20240401,2024-04-01,2024,4,1,1005,1,137,Actual
53,20240501,2024-05-01,2024,5,1,1005,1,150,Actual
54,20240601,2024-06-01,2024,6,1,1005,1,156,Actual
55,20240701,2024-07-01,2024,7,1,1005,1,111,Actual
56,20240801,2024-08-01,2024,8,1,1005,1,114,Actual
57,20240901,2024-09-01,2024,9,1,1005,1,111,Actual
58,20241001,2024-10-01,2024,10,1,1005,1,121,Actual
59,20241101,2024-11-01,2024,11,1,1005,1,120,Actual
60,20241201,2024-12-01,2024,12,1,1005,1,144,Actual
61,20240101,2024-01-01,2024,1,3,1006,1,90,Actual
62,20240201,2024-02-01,2024,2,3,1006,1,92,Actual
63,20240301,2024-03-01,2024,3,3,1006,1,114,Actual
64,20240401,2024-04-01,2024,4,3,1006,1,105,Actual
65,20240501,2024-05-01,2024,5,3,1006,1,107,Actual
66,20240601,2024-06-01,2024,6,3,1006,1,122,Actual
67,20240701,2024-07-01,2024,7,3,1006,1,83,Actual
68,20240801,2024-08-01,2024,8,3,1006,1,95,Actual
69,20240901,2024-09-01,2024,9,3,1006,1,95,Actual
70,20241001,2024-10-01,2024,10,3,1006,1,131,Actual
71,20241101,2024-11-01,2024,11,3,1006,1,130,Actual
72,20241201,2024-12-01,2024,12,3,1006,1,119,Actual
73,20240101,2024-01-01,2024,1,4,1007,1,75,Actual
74,20240201,2024-02-01,2024,2,4,1007,1,102,Actual
75,20240301,2024-03-01,2024,3,4,1007,1,104,Actual
76,20240401,2024-04-01,2024,4,4,1007,1,111,Actual
77,20240501,2024-05-01,2024,5,4,1007,1,118,Actual
78,20240601,2024-06-01,2024,6,4,1007,1,99,Actual
79,20240701,2024-07-01,2024,7,4,1007,1,84,Actual
80,20240801,2024-08-01,2024,8,4,1007,1,73,Actual
81,20240901,2024-09-01,2024,9,4,1007,1,115,Actual
82,20241001,2024-10-01,2024,10,4,1007,1,113,Actual
83,20241101,2024-11-01,2024,11,4,1007,1,108,Actual
84,20241201,2024-12-01,2024,12,4,1007,1,108,Actual
85,20240101,2024-01-01,2024,1,3,1008,1,88,Actual
86,20240201,2024-02-01,2024,2,3,1008,1,93,Actual
87,20240301,2024-03-01,2024,3,3,1008,1,111,Actual
88,20240401,2024-04-01,2024,4,3,1008,1,114,Actual
89,20240501,2024-05-01,2024,5,3,1008,1,128,Actual
90,20240601,2024-06-01,2024,6,3,1008,1,119,Actual
91,20240701,2024-07-01,2024,7,3,1008,1,82,Actual
92,20240801,2024-08-01,2024,8,3,1008,1,93,Actual
93,20240901,2024-09-01,2024,9,3,1008,1,118,Actual
94,20241001,2024-10-01,2024,10,3,1008,1,117,Actual
95,20241101,2024-11-01,2024,11,3,1008,1,130,Actual
96,20241201,2024-12-01,2024,12,3,1008,1,131,Actual
97,20240101,2024-01-01,2024,1,4,1009,1,89,Actual
98,20240201,2024-02-01,2024,2,4,1009,1,91,Actual
99,20240301,2024-03-01,2024,3,4,1009,1,84,Actual
100,20240401,2024-04-01,2024,4,4,1009,1,91,Actual
101,20240501,2024-05-01,2024,5,4,1009,1,93,Actual
102,20240601,2024-06-01,2024,6,4,1009,1,119,Actual
103,20240701,2024-07-01,2024,7,4,1009,1,83,Actual
104,20240801,2024-08-01,2024,8,4,1009,1,83,Actual
105,20240901,2024-09-01,2024,9,4,1009,1,116,Actual
106,20241001,2024-10-01,2024,10,4,1009,1,101,Actual
107,20241101,2024-11-01,2024,11,4,1009,1,111,Actual
108,20241201,2024-12-01,2024,12,4,1009,1,134,Actual
109,20240101,2024-01-01,2024,1,3,1010,1,85,Actual
110,20240201,2024-02-01,2024,2,3,1010,1,86,Actual
111,20240301,2024-03-01,2024,3,3,1010,1,97,Actual
112,20240401,2024-04-01,2024,4,3,1010,1,98,Actual
113,20240501,2024-05-01,2024,5,3,1010,1,130,Actual
114,20240601,2024-06-01,2024,6,3,1010,1,131,Actual
115,20240701,2024-07-01,2024,7,3,1010,1,97,Actual
116,20240801,2024-08-01,2024,8,3,1010,1,97,Actual
117,20240901,2024-09-01,2024,9,3,1010,1,119,Actual
118,20241001,2024-10-01,2024,10,3,1010,1,104,Actual
119,20241101,2024-11-01,2024,11,3,1010,1,134,Actual
120,20241201,2024-12-01,2024,12,3,1010,1,133,Actual
121,20240101,2024-01-01,2024,1,1,1011,2,46,Actual
122,20240201,2024-02-01,2024,2,1,1011,2,50,Actual
123,20240301,2024-03-01,2024,3,1,1011,2,44,Actual
124,20240401,2024-04-01,2024,4,1,1011,2,43,Actual
125,20240501,2024-05-01,2024,5,1,1011,2,47,Actual
126,20240601,2024-06-01,2024,6,1,1011,2,53,Actual
127,20240701,2024-07-01,2024,7,1,1011,2,46,Actual
128,20240801,2024-08-01,2024,8,1,1011,2,44,Actual
129,20240901,2024-09-01,2024,9,1,1011,2,42,Actual
130,20241001,2024-10-01,2024,10,1,1011,2,52,Actual
131,20241101,2024-11-01,2024,11,1,1011,2,53,Actual
132,20241201,2024-12-01,2024,12,1,1011,2,54,Actual
133,20240101,2024-01-01,2024,1,2,1012,2,34,Actual
134,20240201,2024-02-01,2024,2,2,1012,2,38,Actual
135,20240301,2024-03-01,2024,3,2,1012,2,48,Actual
136,20240401,2024-04-01,2024,4,2,1012,2,42,Actual
137,20240501,2024-05-01,2024,5,2,1012,2,47,Actual
138,20240601,2024-06-01,2024,6,2,1012,2,52,Actual
139,20240701,2024-07-01,2024,7,2,1012,2,36,Actual
140,20240801,2024-08-01,2024,8,2,1012,2,41,Actual
141,20240901,2024-09-01,2024,9,2,1012,2,51,Actual
142,20241001,2024-10-01,2024,10,2,1012,2,43,Actual
143,20241101,2024-11-01,2024,11,2,1012,2,49,Actual
144,20241201,2024-12-01,2024,12,2,1012,2,50,Actual
145,20240101,2024-01-01,2024,1,1,1013,2,39,Actual
146,20240201,2024-02-01,2024,2,1,1013,2,38,Actual
147,20240301,2024-03-01,2024,3,1,1013,2,48,Actual
148,20240401,2024-04-01,2024,4,1,1013,2,49,Actual
149,20240501,2024-05-01,2024,5,1,1013,2,45,Actual
150,20240601,2024-06-01,2024,6,1,1013,2,51,Actual
151,20240701,2024-07-01,2024,7,1,1013,2,47,Actual
152,20240801,2024-08-01,2024,8,1,1013,2,36,Actual
153,20240901,2024-09-01,2024,9,1,1013,2,44,Actual
154,20241001,2024-10-01,2024,10,1,1013,2,51,Actual
155,20241101,2024-11-01,2024,11,1,1013,2,62,Actual
156,20241201,2024-12-01,2024,12,1,1013,2,54,Actual
157,20240101,2024-01-01,2024,1,2,1014,2,40,Actual
158,20240201,2024-02-01,2024,2,2,1014,2,43,Actual
159,20240301,2024-03-01,2024,3,2,1014,2,39,Actual
160,20240401,2024-04-01,2024,4,2,1014,2,48,Actual
161,20240501,2024-05-01,2024,5,2,1014,2,45,Actual
162,20240601,2024-06-01,2024,6,2,1014,2,51,Actual
163,20240701,2024-07-01,2024,7,2,1014,2,40,Actual
164,20240801,2024-08-01,2024,8,2,1014,2,36,Actual
165,20240901,2024-09-01,2024,9,2,1014,2,39,Actual
166,20241001,2024-10-01,2024,10,2,1014,2,52,Actual
167,20241101,2024-11-01,2024,11,2,1014,2,47,Actual
168,20241201,2024-12-01,2024,12,2,1014,2,49,Actual
169,20240101,2024-01-01,2024,1,1,1015,2,36,Actual
170,20240201,2024-02-01,2024,2,1,1015,2,45,Actual
171,20240301,2024-03-01,2024,3,1,1015,2,49,Actual
172,20240401,2024-04-01,2024,4,1,1015,2,42,Actual
173,20240501,2024-05-01,2024,5,1,1015,2,52,Actual
174,20240601,2024-06-01,2024,6,1,1015,2,50,Actual
175,20240701,2024-07-01,2024,7,1,1015,2,44,Actual
176,20240801,2024-08-01,2024,8,1,1015,2,36,Actual
177,20240901,2024-09-01,2024,9,1,1015,2,52,Actual
178,20241001,2024-10-01,2024,10,1,1015,2,50,Actual
179,20241101,2024-11-01,2024,11,1,1015,2,61,Actual
180,20241201,2024-12-01,2024,12,1,1015,2,53,Actual
181,20240101,2024-01-01,2024,1,2,1016,2,36,Actual
182,20240201,2024-02-01,2024,2,2,1016,2,36,Actual
183,20240301,2024-03-01,2024,3,2,1016,2,48,Actual
184,20240401,2024-04-01,2024,4,2,1016,2,50,Actual
185,20240501,2024-05-01,2024,5,2,1016,2,44,Actual
186,20240601,2024-06-01,2024,6,2,1016,2,52,Actual
187,20240701,2024-07-01,2024,7,2,1016,2,42,Actual
188,20240801,2024-08-01,2024,8,2,1016,2,36,Actual
189,20240901,2024-09-01,2024,9,2,1016,2,45,Actual
190,20241001,2024-10-01,2024,10,2,1016,2,43,Actual
191,20241101,2024-11-01,2024,11,2,1016,2,43,Actual
192,20241201,2024-12-01,2024,12,2,1016,2,60,Actual
193,20240101,2024-01-01,2024,1,1,1017,2,47,Actual
194,20240201,2024-02-01,2024,2,1,1017,2,46,Actual
195,20240301,2024-03-01,2024,3,1,1017,2,44,Actual
196,20240401,2024-04-01,2024,4,1,1017,2,47,Actual
197,20240501,2024-05-01,2024,5,1,1017,2,55,Actual
198,20240601,2024-06-01,2024,6,1,1017,2,61,Actual
199,20240701,2024-07-01,2024,7,1,1017,2,47,Actual
200,20240801,2024-08-01,2024,8,1,1017,2,43,Actual
201,20240901,2024-09-01,2024,9,1,1017,2,51,Actual
202,20241001,2024-10-01,2024,10,1,1017,2,45,Actual
203,20241101,2024-11-01,2024,11,1,1017,2,49,Actual
204,20241201,2024-12-01,2024,12,1,1017,2,66,Actual
205,20240101,2024-01-01,2024,1,2,1018,2,39,Actual
206,20240201,2024-02-01,2024,2,2,1018,2,34,Actual
207,20240301,2024-03-01,2024,3,2,1018,2,37,Actual
208,20240401,2024-04-01,2024,4,2,1018,2,47,Actual
209,20240501,2024-05-01,2024,5,2,1018,2,40,Actual
210,20240601,2024-06-01,2024,6,2,1018,2,44,Actual
211,20240701,2024-07-01,2024,7,2,1018,2,39,Actual
212,20240801,2024-08-01,2024,8,2,1018,2,38,Actual
213,20240901,2024-09-01,2024,9,2,1018,2,47,Actual
214,20241001,2024-10-01,2024,10,2,1018,2,43,Actual
215,20241101,2024-11-01,2024,11,2,1018,2,52,Actual
216,20241201,2024-12-01,2024,12,2,1018,2,49,Actual
217,20240101,2024-01-01,2024,1,1,1019,2,40,Actual
218,20240201,2024-02-01,2024,2,1,1019,2,48,Actual
219,20240301,2024-03-01,2024,3,1,1019,2,49,Actual
220,20240401,2024-04-01,2024,4,1,1019,2,54,Actual
221,20240501,2024-05-01,2024,5,1,1019,2,54,Actual
222,20240601,2024-06-01,2024,6,1,1019,2,55,Actual
223,20240701,2024-07-01,2024,7,1,1019,2,37,Actual
224,20240801,2024-08-01,2024,8,1,1019,2,38,Actual
225,20240901,2024-09-01,2024,9,1,1019,2,46,Actual
226,20241001,2024-10-01,2024,10,1,1019,2,48,Actual
227,20241101,2024-11-01,2024,11,1,1019,2,62,Actual
228,20241201,2024-12-01,2024,12,1,1019,2,57,Actual
229,20240101,2024-01-01,2024,1,3,1020,2,40,Actual
230,20240201,2024-02-01,2024,2,3,1020,2,40,Actual
231,20240301,2024-03-01,2024,3,3,1020,2,44,Actual
232,20240401,2024-04-01,2024,4,3,1020,2,43,Actual
233,20240501,2024-05-01,2024,5,3,1020,2,46,Actual
234,20240601,2024-06-01,2024,6,3,1020,2,47,Actual
235,20240701,2024-07-01,2024,7,3,1020,2,33,Actual
236,20240801,2024-08-01,2024,8,3,1020,2,36,Actual
237,20240901,2024-09-01,2024,9,3,1020,2,40,Actual
238,20241001,2024-10-01,2024,10,3,1020,2,38,Actual
239,20241101,2024-11-01,2024,11,3,1020,2,49,Actual
240,20241201,2024-12-01,2024,12,3,1020,2,46,Actual
241,20240101,2024-01-01,2024,1,4,1021,2,39,Actual
242,20240201,2024-02-01,2024,2,4,1021,2,41,Actual
243,20240301,2024-03-01,2024,3,4,1021,2,43,Actual
244,20240401,2024-04-01,2024,4,4,1021,2,39,Actual
245,20240501,2024-05-01,2024,5,4,1021,2,36,Actual
246,20240601,2024-06-01,2024,6,4,1021,2,50,Actual
247,20240701,2024-07-01,2024,7,4,1021,2,33,Actual
248,20240801,2024-08-01,2024,8,4,1021,2,37,Actual
249,20240901,2024-09-01,2024,9,4,1021,2,46,Actual
250,20241001,2024-10-01,2024,10,4,1021,2,47,Actual
251,20241101,2024-11-01,2024,11,4,1021,2,42,Actual
252,20241201,2024-12-01,2024,12,4,1021,2,47,Actual
253,20240101,2024-01-01,2024,1,3,1022,2,40,Actual
254,20240201,2024-02-01,2024,2,3,1022,2,36,Actual
255,20240301,2024-03-01,2024,3,3,1022,2,36,Actual
256,20240401,2024-04-01,2024,4,3,1022,2,43,Actual
257,20240501,2024-05-01,2024,5,3,1022,2,50,Actual
258,20240601,2024-06-01,2024,6,3,1022,2,49,Actual
259,20240701,2024-07-01,2024,7,3,1022,2,37,Actual
260,20240801,2024-08-01,2024,8,3,1022,2,30,Actual
261,20240901,2024-09-01,2024,9,3,1022,2,44,Actual
262,20241001,2024-10-01,2024,10,3,1022,2,51,Actual
263,20241101,2024-11-01,2024,11,3,1022,2,42,Actual
264,20241201,2024-12-01,2024,12,3,1022,2,51,Actual
265,20240101,2024-01-01,2024,1,4,1023,2,38,Actual
266,20240201,2024-02-01,2024,2,4,1023,2,39,Actual
267,20240301,2024-03-01,2024,3,4,1023,2,40,Actual
268,20240401,2024-04-01,2024,4,4,1023,2,43,Actual
269,20240501,2024-05-01,2024,5,4,1023,2,40,Actual
270,20240601,2024-06-01,2024,6,4,1023,2,42,Actual
271,20240701,2024-07-01,2024,7,4,1023,2,37,Actual
272,20240801,2024-08-01,2024,8,4,1023,2,35,Actual
273,20240901,2024-09-01,2024,9,4,1023,2,45,Actual
274,20241001,2024-10-01,2024,10,4,1023,2,48,Actual
275,20241101,2024-11-01,2024,11,4,1023,2,44,Actual
276,20241201,2024-12-01,2024,12,4,1023,2,48,Actual
277,20240101,2024-01-01,2024,1,3,1024,2,39,Actual
278,20240201,2024-02-01,2024,2,3,1024,2,40,Actual
279,20240301,2024-03-01,2024,3,3,1024,2,43,Actual
280,20240401,2024-04-01,2024,4,3,1024,2,46,Actual
281,20240501,2024-05-01,2024,5,3,1024,2,50,Actual
282,20240601,2024-06-01,2024,6,3,1024,2,44,Actual
283,20240701,2024-07-01,2024,7,3,1024,2,35,Actual
284,20240801,2024-08-01,2024,8,3,1024,2,30,Actual
285,20240901,2024-09-01,2024,9,3,1024,2,43,Actual
286,20241001,2024-10-01,2024,10,3,1024,2,38,Actual
287,20241101,2024-11-01,2024,11,3,1024,2,46,Actual
288,20241201,2024-12-01,2024,12,3,1024,2,52,Actual
289,20240101,2024-01-01,2024,1,4,1025,2,32,Actual
290,20240201,2024-02-01,2024,2,4,1025,2,37,Actual
291,20240301,2024-03-01,2024,3,4,1025,2,33,Actual
292,20240401,2024-04-01,2024,4,4,1025,2,35,Actual
293,20240501,2024-05-01,2024,5,4,1025,2,46,Actual
294,20240601,2024-06-01,2024,6,4,1025,2,42,Actual
295,20240701,2024-07-01,2024,7,4,1025,2,30,Actual
296,20240801,2024-08-01,2024,8,4,1025,2,32,Actual
297,20240901,2024-09-01,2024,9,4,1025,2,44,Actual
298,20241001,2024-10-01,2024,10,4,1025,2,39,Actual
299,20241101,2024-11-01,2024,11,4,1025,2,46,Actual
300,20241201,2024-12-01,2024,12,4,1025,2,42,Actual
301,20240101,2024-01-01,2024,1,3,1026,2,31,Actual
302,20240201,2024-02-01,2024,2,3,1026,2,39,Actual
303,20240301,2024-03-01,2024,3,3,1026,2,41,Actual
304,20240401,2024-04-01,2024,4,3,1026,2,44,Actual
305,20240501,2024-05-01,2024,5,3,1026,2,48,Actual
306,20240601,2024-06-01,2024,6,3,1026,2,53,Actual
307,20240701,2024-07-01,2024,7,3,1026,2,36,Actual
308,20240801,2024-08-01,2024,8,3,1026,2,32,Actual
309,20240901,2024-09-01,2024,9,3,1026,2,46,Actual
310,20241001,2024-10-01,2024,10,3,1026,2,42,Actual
311,20241101,2024-11-01,2024,11,3,1026,2,46,Actual
312,20241201,2024-12-01,2024,12,3,1026,2,45,Actual
313,20240101,2024-01-01,2024,1,4,1027,2,29,Actual
314,20240201,2024-02-01,2024,2,4,1027,2,41,Actual
315,20240301,2024-03-01,2024,3,4,1027,2,42,Actual
316,20240401,2024-04-01,2024,4,4,1027,2,43,Actual
317,20240501,2024-05-01,2024,5,4,1027,2,41,Actual
318,20240601,2024-06-01,2024,6,4,1027,2,40,Actual
319,20240701,2024-07-01,2024,7,4,1027,2,31,Actual
320,20240801,2024-08-01,2024,8,4,1027,2,30,Actual
321,20240901,2024-09-01,2024,9,4,1027,2,41,Actual
322,20241001,2024-10-01,2024,10,4,1027,2,45,Actual
323,20241101,2024-11-01,2024,11,4,1027,2,46,Actual
324,20241201,2024-12-01,2024,12,4,1027,2,45,Actual
325,20240101,2024-01-01,2024,1,3,1028,2,41,Actual
326,20240201,2024-02-01,2024,2,3,1028,2,41,Actual
327,20240301,2024-03-01,2024,3,3,1028,2,41,Actual
328,20240401,2024-04-01,2024,4,3,1028,2,44,Actual
329,20240501,2024-05-01,2024,5,3,1028,2,44,Actual
330,20240601,2024-06-01,2024,6,3,1028,2,43,Actual
331,20240701,2024-07-01,2024,7,3,1028,2,35,Actual
332,20240801,2024-08-01,2024,8,3,1028,2,37,Actual
333,20240901,2024-09-01,2024,9,3,1028,2,36,Actual
334,20241001,2024-10-01,2024,10,3,1028,2,39,Actual
335,20241101,2024-11-01,2024,11,3,1028,2,40,Actual
336,20241201,2024-12-01,2024,12,3,1028,2,44,Actual
337,20240101,2024-01-01,2024,1,1,1029,3,30,Actual
338,20240201,2024-02-01,2024,2,1,1029,3,30,Actual
339,20240301,2024-03-01,2024,3,1,1029,3,30,Actual
340,20240401,2024-04-01,2024,4,1,1029,3,28,Actual
341,20240501,2024-05-01,2024,5,1,1029,3,33,Actual
342,20240601,2024-06-01,2024,6,1,1029,3,35,Actual
343,20240701,2024-07-01,2024,7,1,1029,3,24,Actual
344,20240801,2024-08-01,2024,8,1,1029,3,25,Actual
345,20240901,2024-09-01,2024,9,1,1029,3,31,Actual
346,20241001,2024-10-01,2024,10,1,1029,3,34,Actual
347,20241101,2024-11-01,2024,11,1,1029,3,36,Actual
348,20241201,2024-12-01,2024,12,1,1029,3,33,Actual
349,20240101,2024-01-01,2024,1,2,1030,3,24,Actual
350,20240201,2024-02-01,2024,2,2,1030,3,27,Actual
351,20240301,2024-03-01,2024,3,2,1030,3,27,Actual
352,20240401,2024-04-01,2024,4,2,1030,3,32,Actual
353,20240501,2024-05-01,2024,5,2,1030,3,32,Actual
354,20240601,2024-06-01,2024,6,2,1030,3,28,Actual
355,20240701,2024-07-01,2024,7,2,1030,3,21,Actual
356,20240801,2024-08-01,2024,8,2,1030,3,24,Actual
357,20240901,2024-09-01,2024,9,2,1030,3,25,Actual
358,20241001,2024-10-01,2024,10,2,1030,3,31,Actual
359,20241101,2024-11-01,2024,11,2,1030,3,36,Actual
360,20241201,2024-12-01,2024,12,2,1030,3,35,Actual
361,20240101,2024-01-01,2024,1,1,1031,3,26,Actual
362,20240201,2024-02-01,2024,2,1,1031,3,30,Actual
363,20240301,2024-03-01,2024,3,1,1031,3,30,Actual
364,20240401,2024-04-01,2024,4,1,1031,3,32,Actual
365,20240501,2024-05-01,2024,5,1,1031,3,38,Actual
366,20240601,2024-06-01,2024,6,1,1031,3,34,Actual
367,20240701,2024-07-01,2024,7,1,1031,3,31,Actual
368,20240801,2024-08-01,2024,8,1,1031,3,28,Actual
369,20240901,2024-09-01,2024,9,1,1031,3,29,Actual
370,20241001,2024-10-01,2024,10,1,1031,3,29,Actual
371,20241101,2024-11-01,2024,11,1,1031,3,31,Actual
372,20241201,2024-12-01,2024,12,1,1031,3,32,Actual
373,20240101,2024-01-01,2024,1,2,1032,3,21,Actual
374,20240201,2024-02-01,2024,2,2,1032,3,27,Actual
375,20240301,2024-03-01,2024,3,2,1032,3,24,Actual
376,20240401,2024-04-01,2024,4,2,1032,3,27,Actual
377,20240501,2024-05-01,2024,5,2,1032,3,33,Actual
378,20240601,2024-06-01,2024,6,2,1032,3,27,Actual
379,20240701,2024-07-01,2024,7,2,1032,3,27,Actual
380,20240801,2024-08-01,2024,8,2,1032,3,21,Actual
381,20240901,2024-09-01,2024,9,2,1032,3,25,Actual
382,20241001,2024-10-01,2024,10,2,1032,3,32,Actual
383,20241101,2024-11-01,2024,11,2,1032,3,33,Actual
384,20241201,2024-12-01,2024,12,2,1032,3,38,Actual
385,20240101,2024-01-01,2024,1,1,1033,3,29,Actual
386,20240201,2024-02-01,2024,2,1,1033,3,31,Actual
387,20240301,2024-03-01,2024,3,1,1033,3,28,Actual
388,20240401,2024-04-01,2024,4,1,1033,3,29,Actual
389,20240501,2024-05-01,2024,5,1,1033,3,36,Actual
390,20240601,2024-06-01,2024,6,1,1033,3,38,Actual
391,20240701,2024-07-01,2024,7,1,1033,3,31,Actual
392,20240801,2024-08-01,2024,8,1,1033,3,25,Actual
393,20240901,2024-09-01,2024,9,1,1033,3,30,Actual
394,20241001,2024-10-01,2024,10,1,1033,3,36,Actual
395,20241101,2024-11-01,2024,11,1,1033,3,33,Actual
396,20241201,2024-12-01,2024,12,1,1033,3,43,Actual
397,20240101,2024-01-01,2024,1,2,1034,3,27,Actual
398,20240201,2024-02-01,2024,2,2,1034,3,25,Actual
399,20240301,2024-03-01,2024,3,2,1034,3,29,Actual
400,20240401,2024-04-01,2024,4,2,1034,3,31,Actual
401,20240501,2024-05-01,2024,5,2,1034,3,27,Actual
402,20240601,2024-06-01,2024,6,2,1034,3,35,Actual
403,20240701,2024-07-01,2024,7,2,1034,3,24,Actual
404,20240801,2024-08-01,2024,8,2,1034,3,25,Actual
405,20240901,2024-09-01,2024,9,2,1034,3,27,Actual
406,20241001,2024-10-01,2024,10,2,1034,3,34,Actual
407,20241101,2024-11-01,2024,11,2,1034,3,31,Actual
408,20241201,2024-12-01,2024,12,2,1034,3,29,Actual
409,20240101,2024-01-01,2024,1,3,1035,3,26,Actual
410,20240201,2024-02-01,2024,2,3,1035,3,22,Actual
411,20240301,2024-03-01,2024,3,3,1035,3,25,Actual
412,20240401,2024-04-01,2024,4,3,1035,3,31,Actual
413,20240501,2024-05-01,2024,5,3,1035,3,33,Actual
414,20240601,2024-06-01,2024,6,3,1035,3,31,Actual
415,20240701,2024-07-01,2024,7,3,1035,3,24,Actual
416,20240801,2024-08-01,2024,8,3,1035,3,22,Actual
417,20240901,2024-09-01,2024,9,3,1035,3,26,Actual
418,20241001,2024-10-01,2024,10,3,1035,3,27,Actual
419,20241101,2024-11-01,2024,11,3,1035,3,32,Actual
420,20241201,2024-12-01,2024,12,3,1035,3,35,Actual
421,20240101,2024-01-01,2024,1,4,1036,3,24,Actual
422,20240201,2024-02-01,2024,2,4,1036,3,25,Actual
423,20240301,2024-03-01,2024,3,4,1036,3,22,Actual
424,20240401,2024-04-01,2024,4,4,1036,3,26,Actual
425,20240501,2024-05-01,2024,5,4,1036,3,24,Actual
426,20240601,2024-06-01,2024,6,4,1036,3,29,Actual
427,20240701,2024-07-01,2024,7,4,1036,3,22,Actual
428,20240801,2024-08-01,2024,8,4,1036,3,23,Actual
429,20240901,2024-09-01,2024,9,4,1036,3,25,Actual
430,20241001,2024-10-01,2024,10,4,1036,3,24,Actual
431,20241101,2024-11-01,2024,11,4,1036,3,25,Actual
432,20241201,2024-12-01,2024,12,4,1036,3,33,Actual
433,20240101,2024-01-01,2024,1,3,1037,3,24,Actual
434,20240201,2024-02-01,2024,2,3,1037,3,22,Actual
435,20240301,2024-03-01,2024,3,3,1037,3,23,Actual
436,20240401,2024-04-01,2024,4,3,1037,3,29,Actual
437,20240501,2024-05-01,2024,5,3,1037,3,25,Actual
438,20240601,2024-06-01,2024,6,3,1037,3,33,Actual
439,20240701,2024-07-01,2024,7,3,1037,3,25,Actual
440,20240801,2024-08-01,2024,8,3,1037,3,19,Actual
441,20240901,2024-09-01,2024,9,3,1037,3,24,Actual
442,20241001,2024-10-01,2024,10,3,1037,3,33,Actual
443,20241101,2024-11-01,2024,11,3,1037,3,29,Actual
444,20241201,2024-12-01,2024,12,3,1037,3,32,Actual
445,20240101,2024-01-01,2024,1,4,1038,3,24,Actual
446,20240201,2024-02-01,2024,2,4,1038,3,26,Actual
447,20240301,2024-03-01,2024,3,4,1038,3,28,Actual
448,20240401,2024-04-01,2024,4,4,1038,3,28,Actual
449,20240501,2024-05-01,2024,5,4,1038,3,26,Actual
450,20240601,2024-06-01,2024,6,4,1038,3,25,Actual
451,20240701,2024-07-01,2024,7,4,1038,3,24,Actual
452,20240801,2024-08-01,2024,8,4,1038,3,21,Actual
453,20240901,2024-09-01,2024,9,4,1038,3,25,Actual
454,20241001,2024-10-01,2024,10,4,1038,3,30,Actual
455,20241101,2024-11-01,2024,11,4,1038,3,25,Actual
456,20241201,2024-12-01,2024,12,4,1038,3,31,Actual
457,20240101,2024-01-01,2024,1,3,1039,3,20,Actual
458,20240201,2024-02-01,2024,2,3,1039,3,24,Actual
459,20240301,2024-03-01,2024,3,3,1039,3,22,Actual
460,20240401,2024-04-01,2024,4,3,1039,3,24,Actual
461,20240501,2024-05-01,2024,5,3,1039,3,25,Actual
462,20240601,2024-06-01,2024,6,3,1039,3,31,Actual
463,20240701,2024-07-01,2024,7,3,1039,3,25,Actual
464,20240801,2024-08-01,2024,8,3,1039,3,22,Actual
465,20240901,2024-09-01,2024,9,3,1039,3,31,Actual
466,20241001,2024-10-01,2024,10,3,1039,3,28,Actual
467,20241101,2024-11-01,2024,11,3,1039,3,28,Actual
468,20241201,2024-12-01,2024,12,3,1039,3,36,Actual
469,20240101,2024-01-01,2024,1,4,1040,3,20,Actual
470,20240201,2024-02-01,2024,2,4,1040,3,27,Actual
471,20240301,2024-03-01,2024,3,4,1040,3,21,Actual
472,20240401,2024-04-01,2024,4,4,1040,3,30,Actual
473,20240501,2024-05-01,2024,5,4,1040,3,23,Actual
474,20240601,2024-06-01,2024,6,4,1040,3,32,Actual
475,20240701,2024-07-01,2024,7,4,1040,3,22,Actual
476,20240801,2024-08-01,2024,8,4,1040,3,24,Actual
477,20240901,2024-09-01,2024,9,4,1040,3,23,Actual
478,20241001,2024-10-01,2024,10,4,1040,3,28,Actual
479,20241101,2024-11-01,2024,11,4,1040,3,32,Actual
480,20241201,2024-12-01,2024,12,4,1040,3,31,Actual
481,20250101,2025-01-01,2025,1,1,1001,1,121,Actual
482,20250201,2025-02-01,2025,2,1,1001,1,131,Actual
483,20250301,2025-03-01,2025,3,1,1001,1,129,Actual
484,20250401,2025-04-01,2025,4,1,1001,1,143,Actual
485,20250501,2025-05-01,2025,5,1,1001,1,148,Actual
486,20250601,2025-06-01,2025,6,1,1001,1,169,Actual
487,20250701,2025-07-01,2025,7,1,1001,1,101,Actual
488,20250801,2025-08-01,2025,8,1,1001,1,103,Actual
489,20250901,2025-09-01,2025,9,1,1001,1,156,Actual
490,20251001,2025-10-01,2025,10,1,1001,1,146,Forecast
491,20251101,2025-11-01,2025,11,1,1001,1,143,Forecast
492,20251201,2025-12-01,2025,12,1,1001,1,181,Forecast
493,20250101,2025-01-01,2025,1,2,1002,1,112,Actual
494,20250201,2025-02-01,2025,2,2,1002,1,101,Actual
495,20250301,2025-03-01,2025,3,2,1002,1,133,Actual
496,20250401,2025-04-01,2025,4,2,1002,1,137,Actual
497,20250501,2025-05-01,2025,5,2,1002,1,149,Actual
498,20250601,2025-06-01,2025,6,2,1002,1,147,Actual
499,20250701,2025-07-01,2025,7,2,1002,1,110,Actual
500,20250801,2025-08-01,2025,8,2,1002,1,98,Actual
501,20250901,2025-09-01,2025,9,2,1002,1,141,Actual
502,20251001,2025-10-01,2025,10,2,1002,1,130,Forecast
503,20251101,2025-11-01,2025,11,2,1002,1,134,Forecast
504,20251201,2025-12-01,2025,12,2,1002,1,140,Forecast
505,20250101,2025-01-01,2025,1,1,1003,1,101,Actual
506,20250201,2025-02-01,2025,2,1,1003,1,137,Actual
507,20250301,2025-03-01,2025,3,1,1003,1,143,Actual
508,20250401,2025-04-01,2025,4,1,1003,1,158,Actual
509,20250501,2025-05-01,2025,5,1,1003,1,166,Actual
510,20250601,2025-06-01,2025,6,1,1003,1,154,Actual
511,20250701,2025-07-01,2025,7,1,1003,1,126,Actual
512,20250801,2025-08-01,2025,8,1,1003,1,125,Actual
513,20250901,2025-09-01,2025,9,1,1003,1,152,Actual
514,20251001,2025-10-01,2025,10,1,1003,1,156,Forecast
515,20251101,2025-11-01,2025,11,1,1003,1,152,Forecast
516,20251201,2025-12-01,2025,12,1,1003,1,182,Forecast
517,20250101,2025-01-01,2025,1,2,1004,1,108,Actual
518,20250201,2025-02-01,2025,2,2,1004,1,115,Actual
519,20250301,2025-03-01,2025,3,2,1004,1,132,Actual
520,20250401,2025-04-01,2025,4,2,1004,1,121,Actual
521,20250501,2025-05-01,2025,5,2,1004,1,117,Actual
522,20250601,2025-06-01,2025,6,2,1004,1,118,Actual
523,20250701,2025-07-01,2025,7,2,1004,1,114,Actual
524,20250801,2025-08-01,2025,8,2,1004,1,104,Actual
525,20250901,2025-09-01,2025,9,2,1004,1,133,Actual
526,20251001,2025-10-01,2025,10,2,1004,1,136,Forecast
527,20251101,2025-11-01,2025,11,2,1004,1,152,Forecast
528,20251201,2025-12-01,2025,12,2,1004,1,170,Forecast
529,20250101,2025-01-01,2025,1,1,1005,1,105,Actual
530,20250201,2025-02-01,2025,2,1,1005,1,140,Actual
531,20250301,2025-03-01,2025,3,1,1005,1,130,Actual
532,20250401,2025-04-01,2025,4,1,1005,1,128,Actual
533,20250501,2025-05-01,2025,5,1,1005,1,143,Actual
534,20250601,2025-06-01,2025,6,1,1005,1,173,Actual
535,20250701,2025-07-01,2025,7,1,1005,1,117,Actual
536,20250801,2025-08-01,2025,8,1,1005,1,104,Actual
537,20250901,2025-09-01,2025,9,1,1005,1,143,Actual
538,20251001,2025-10-01,2025,10,1,1005,1,130,Forecast
539,20251101,2025-11-01,2025,11,1,1005,1,137,Forecast
540,20251201,2025-12-01,2025,12,1,1005,1,142,Forecast
541,20250101,2025-01-01,2025,1,3,1006,1,91,Actual
542,20250201,2025-02-01,2025,2,3,1006,1,100,Actual
543,20250301,2025-03-01,2025,3,3,1006,1,102,Actual
544,20250401,2025-04-01,2025,4,3,1006,1,104,Actual
545,20250501,2025-05-01,2025,5,3,1006,1,110,Actual
546,20250601,2025-06-01,2025,6,3,1006,1,129,Actual
547,20250701,2025-07-01,2025,7,3,1006,1,92,Actual
548,20250801,2025-08-01,2025,8,3,1006,1,91,Actual
549,20250901,2025-09-01,2025,9,3,1006,1,119,Actual
550,20251001,2025-10-01,2025,10,3,1006,1,114,Forecast
551,20251101,2025-11-01,2025,11,3,1006,1,126,Forecast
552,20251201,2025-12-01,2025,12,3,1006,1,142,Forecast
553,20250101,2025-01-01,2025,1,4,1007,1,99,Actual
554,20250201,2025-02-01,2025,2,4,1007,1,97,Actual
555,20250301,2025-03-01,2025,3,4,1007,1,106,Actual
556,20250401,2025-04-01,2025,4,4,1007,1,121,Actual
557,20250501,2025-05-01,2025,5,4,1007,1,102,Actual
558,20250601,2025-06-01,2025,6,4,1007,1,115,Actual
559,20250701,2025-07-01,2025,7,4,1007,1,102,Actual
560,20250801,2025-08-01,2025,8,4,1007,1,101,Actual
561,20250901,2025-09-01,2025,9,4,1007,1,113,Actual
562,20251001,2025-10-01,2025,10,4,1007,1,132,Forecast
563,20251101,2025-11-01,2025,11,4,1007,1,127,Forecast
564,20251201,2025-12-01,2025,12,4,1007,1,142,Forecast
565,20250101,2025-01-01,2025,1,3,1008,1,110,Actual
566,20250201,2025-02-01,2025,2,3,1008,1,107,Actual
567,20250301,2025-03-01,2025,3,3,1008,1,99,Actual
568,20250401,2025-04-01,2025,4,3,1008,1,120,Actual
569,20250501,2025-05-01,2025,5,3,1008,1,128,Actual
570,20250601,2025-06-01,2025,6,3,1008,1,140,Actual
571,20250701,2025-07-01,2025,7,3,1008,1,99,Actual
572,20250801,2025-08-01,2025,8,3,1008,1,84,Actual
573,20250901,2025-09-01,2025,9,3,1008,1,111,Actual
574,20251001,2025-10-01,2025,10,3,1008,1,117,Forecast
575,20251101,2025-11-01,2025,11,3,1008,1,118,Forecast
576,20251201,2025-12-01,2025,12,3,1008,1,159,Forecast
577,20250101,2025-01-01,2025,1,4,1009,1,84,Actual
578,20250201,2025-02-01,2025,2,4,1009,1,102,Actual
579,20250301,2025-03-01,2025,3,4,1009,1,104,Actual
580,20250401,2025-04-01,2025,4,4,1009,1,129,Actual
581,20250501,2025-05-01,2025,5,4,1009,1,104,Actual
582,20250601,2025-06-01,2025,6,4,1009,1,120,Actual
583,20250701,2025-07-01,2025,7,4,1009,1,109,Actual
584,20250801,2025-08-01,2025,8,4,1009,1,100,Actual
585,20250901,2025-09-01,2025,9,4,1009,1,123,Actual
586,20251001,2025-10-01,2025,10,4,1009,1,109,Forecast
587,20251101,2025-11-01,2025,11,4,1009,1,109,Forecast
588,20251201,2025-12-01,2025,12,4,1009,1,139,Forecast
589,20250101,2025-01-01,2025,1,3,1010,1,95,Actual
590,20250201,2025-02-01,2025,2,3,1010,1,109,Actual
591,20250301,2025-03-01,2025,3,3,1010,1,101,Actual
592,20250401,2025-04-01,2025,4,3,1010,1,118,Actual
593,20250501,2025-05-01,2025,5,3,1010,1,126,Actual
594,20250601,2025-06-01,2025,6,3,1010,1,113,Actual
595,20250701,2025-07-01,2025,7,3,1010,1,96,Actual
596,20250801,2025-08-01,2025,8,3,1010,1,85,Actual
597,20250901,2025-09-01,2025,9,3,1010,1,103,Actual
598,20251001,2025-10-01,2025,10,3,1010,1,142,Forecast
599,20251101,2025-11-01,2025,11,3,1010,1,116,Forecast
600,20251201,2025-12-01,2025,12,3,1010,1,152,Forecast
601,20250101,2025-01-01,2025,1,1,1011,2,51,Actual
602,20250201,2025-02-01,2025,2,1,1011,2,44,Actual
603,20250301,2025-03-01,2025,3,1,1011,2,44,Actual
604,20250401,2025-04-01,2025,4,1,1011,2,57,Actual
605,20250501,2025-05-01,2025,5,1,1011,2,57,Actual
606,20250601,2025-06-01,2025,6,1,1011,2,65,Actual
607,20250701,2025-07-01,2025,7,1,1011,2,41,Actual
608,20250801,2025-08-01,2025,8,1,1011,2,47,Actual
609,20250901,2025-09-01,2025,9,1,1011,2,49,Actual
610,20251001,2025-10-01,2025,10,1,1011,2,53,Forecast
611,20251101,2025-11-01,2025,11,1,1011,2,63,Forecast
612,20251201,2025-12-01,2025,12,1,1011,2,64,Forecast
613,20250101,2025-01-01,2025,1,2,1012,2,38,Actual
614,20250201,2025-02-01,2025,2,2,1012,2,49,Actual
615,20250301,2025-03-01,2025,3,2,1012,2,45,Actual
616,20250401,2025-04-01,2025,4,2,1012,2,49,Actual
617,20250501,2025-05-01,2025,5,2,1012,2,57,Actual
618,20250601,2025-06-01,2025,6,2,1012,2,55,Actual
619,20250701,2025-07-01,2025,7,2,1012,2,37,Actual
620,20250801,2025-08-01,2025,8,2,1012,2,44,Actual
621,20250901,2025-09-01,2025,9,2,1012,2,50,Actual
622,20251001,2025-10-01,2025,10,2,1012,2,52,Forecast
623,20251101,2025-11-01,2025,11,2,1012,2,58,Forecast
624,20251201,2025-12-01,2025,12,2,1012,2,65,Forecast
625,20250101,2025-01-01,2025,1,1,1013,2,43,Actual
626,20250201,2025-02-01,2025,2,1,1013,2,53,Actual
627,20250301,2025-03-01,2025,3,1,1013,2,45,Actual
628,20250401,2025-04-01,2025,4,1,1013,2,59,Actual
629,20250501,2025-05-01,2025,5,1,1013,2,50,Actual
630,20250601,2025-06-01,2025,6,1,1013,2,57,Actual
631,20250701,2025-07-01,2025,7,1,1013,2,50,Actual
632,20250801,2025-08-01,2025,8,1,1013,2,38,Actual
633,20250901,2025-09-01,2025,9,1,1013,2,49,Actual
634,20251001,2025-10-01,2025,10,1,1013,2,64,Forecast
635,20251101,2025-11-01,2025,11,1,1013,2,53,Forecast
636,20251201,2025-12-01,2025,12,1,1013,2,66,Forecast
637,20250101,2025-01-01,2025,1,2,1014,2,41,Actual
638,20250201,2025-02-01,2025,2,2,1014,2,45,Actual
639,20250301,2025-03-01,2025,3,2,1014,2,40,Actual
640,20250401,2025-04-01,2025,4,2,1014,2,54,Actual
641,20250501,2025-05-01,2025,5,2,1014,2,58,Actual
642,20250601,2025-06-01,2025,6,2,1014,2,55,Actual
643,20250701,2025-07-01,2025,7,2,1014,2,44,Actual
644,20250801,2025-08-01,2025,8,2,1014,2,44,Actual
645,20250901,2025-09-01,2025,9,2,1014,2,52,Actual
646,20251001,2025-10-01,2025,10,2,1014,2,57,Forecast
647,20251101,2025-11-01,2025,11,2,1014,2,59,Forecast
648,20251201,2025-12-01,2025,12,2,1014,2,59,Forecast
649,20250101,2025-01-01,2025,1,1,1015,2,47,Actual
650,20250201,2025-02-01,2025,2,1,1015,2,47,Actual
651,20250301,2025-03-01,2025,3,1,1015,2,44,Actual
652,20250401,2025-04-01,2025,4,1,1015,2,51,Actual
653,20250501,2025-05-01,2025,5,1,1015,2,61,Actual
654,20250601,2025-06-01,2025,6,1,1015,2,50,Actual
655,20250701,2025-07-01,2025,7,1,1015,2,43,Actual
656,20250801,2025-08-01,2025,8,1,1015,2,41,Actual
657,20250901,2025-09-01,2025,9,1,1015,2,54,Actual
658,20251001,2025-10-01,2025,10,1,1015,2,54,Forecast
659,20251101,2025-11-01,2025,11,1,1015,2,60,Forecast
660,20251201,2025-12-01,2025,12,1,1015,2,67,Forecast
661,20250101,2025-01-01,2025,1,2,1016,2,35,Actual
662,20250201,2025-02-01,2025,2,2,1016,2,46,Actual
663,20250301,2025-03-01,2025,3,2,1016,2,42,Actual
664,20250401,2025-04-01,2025,4,2,1016,2,55,Actual
665,20250501,2025-05-01,2025,5,2,1016,2,46,Actual
666,20250601,2025-06-01,2025,6,2,1016,2,52,Actual
667,20250701,2025-07-01,2025,7,2,1016,2,36,Actual
668,20250801,2025-08-01,2025,8,2,1016,2,45,Actual
669,20250901,2025-09-01,2025,9,2,1016,2,49,Actual
670,20251001,2025-10-01,2025,10,2,1016,2,50,Forecast
671,20251101,2025-11-01,2025,11,2,1016,2,54,Forecast
672,20251201,2025-12-01,2025,12,2,1016,2,57,Forecast
673,20250101,2025-01-01,2025,1,1,1017,2,44,Actual
674,20250201,2025-02-01,2025,2,1,1017,2,49,Actual
675,20250301,2025-03-01,2025,3,1,1017,2,46,Actual
676,20250401,2025-04-01,2025,4,1,1017,2,48,Actual
677,20250501,2025-05-01,2025,5,1,1017,2,62,Actual
678,20250601,2025-06-01,2025,6,1,1017,2,67,Actual
679,20250701,2025-07-01,2025,7,1,1017,2,44,Actual
680,20250801,2025-08-01,2025,8,1,1017,2,40,Actual
681,20250901,2025-09-01,2025,9,1,1017,2,56,Actual
682,20251001,2025-10-01,2025,10,1,1017,2,51,Forecast
683,20251101,2025-11-01,2025,11,1,1017,2,62,Forecast
684,20251201,2025-12-01,2025,12,1,1017,2,59,Forecast
685,20250101,2025-01-01,2025,1,2,1018,2,36,Actual
686,20250201,2025-02-01,2025,2,2,1018,2,40,Actual
687,20250301,2025-03-01,2025,3,2,1018,2,49,Actual
688,20250401,2025-04-01,2025,4,2,1018,2,54,Actual
689,20250501,2025-05-01,2025,5,2,1018,2,56,Actual
690,20250601,2025-06-01,2025,6,2,1018,2,52,Actual
691,20250701,2025-07-01,2025,7,2,1018,2,43,Actual
692,20250801,2025-08-01,2025,8,2,1018,2,35,Actual
693,20250901,2025-09-01,2025,9,2,1018,2,46,Actual
694,20251001,2025-10-01,2025,10,2,1018,2,49,Forecast
695,20251101,2025-11-01,2025,11,2,1018,2,55,Forecast
696,20251201,2025-12-01,2025,12,2,1018,2,54,Forecast
697,20250101,2025-01-01,2025,1,1,1019,2,47,Actual
698,20250201,2025-02-01,2025,2,1,1019,2,47,Actual
699,20250301,2025-03-01,2025,3,1,1019,2,52,Actual
700,20250401,2025-04-01,2025,4,1,1019,2,52,Actual
701,20250501,2025-05-01,2025,5,1,1019,2,53,Actual
702,20250601,2025-06-01,2025,6,1,1019,2,67,Actual
703,20250701,2025-07-01,2025,7,1,1019,2,49,Actual
704,20250801,2025-08-01,2025,8,1,1019,2,38,Actual
705,20250901,2025-09-01,2025,9,1,1019,2,59,Actual
706,20251001,2025-10-01,2025,10,1,1019,2,57,Forecast
707,20251101,2025-11-01,2025,11,1,1019,2,53,Forecast
708,20251201,2025-12-01,2025,12,1,1019,2,60,Forecast
709,20250101,2025-01-01,2025,1,3,1020,2,34,Actual
710,20250201,2025-02-01,2025,2,3,1020,2,47,Actual
711,20250301,2025-03-01,2025,3,3,1020,2,39,Actual
712,20250401,2025-04-01,2025,4,3,1020,2,47,Actual
713,20250501,2025-05-01,2025,5,3,1020,2,45,Actual
714,20250601,2025-06-01,2025,6,3,1020,2,52,Actual
715,20250701,2025-07-01,2025,7,3,1020,2,41,Actual
716,20250801,2025-08-01,2025,8,3,1020,2,41,Actual
717,20250901,2025-09-01,2025,9,3,1020,2,42,Actual
718,20251001,2025-10-01,2025,10,3,1020,2,42,Forecast
719,20251101,2025-11-01,2025,11,3,1020,2,46,Forecast
720,20251201,2025-12-01,2025,12,3,1020,2,59,Forecast
721,20250101,2025-01-01,2025,1,4,1021,2,33,Actual
722,20250201,2025-02-01,2025,2,4,1021,2,41,Actual
723,20250301,2025-03-01,2025,3,4,1021,2,38,Actual
724,20250401,2025-04-01,2025,4,4,1021,2,42,Actual
725,20250501,2025-05-01,2025,5,4,1021,2,43,Actual
726,20250601,2025-06-01,2025,6,4,1021,2,46,Actual
727,20250701,2025-07-01,2025,7,4,1021,2,40,Actual
728,20250801,2025-08-01,2025,8,4,1021,2,33,Actual
729,20250901,2025-09-01,2025,9,4,1021,2,45,Actual
730,20251001,2025-10-01,2025,10,4,1021,2,50,Forecast
731,20251101,2025-11-01,2025,11,4,1021,2,42,Forecast
732,20251201,2025-12-01,2025,12,4,1021,2,46,Forecast
733,20250101,2025-01-01,2025,1,3,1022,2,42,Actual
734,20250201,2025-02-01,2025,2,3,1022,2,42,Actual
735,20250301,2025-03-01,2025,3,3,1022,2,46,Actual
736,20250401,2025-04-01,2025,4,3,1022,2,45,Actual
737,20250501,2025-05-01,2025,5,3,1022,2,45,Actual
738,20250601,2025-06-01,2025,6,3,1022,2,56,Actual
739,20250701,2025-07-01,2025,7,3,1022,2,43,Actual
740,20250801,2025-08-01,2025,8,3,1022,2,39,Actual
741,20250901,2025-09-01,2025,9,3,1022,2,43,Actual
742,20251001,2025-10-01,2025,10,3,1022,2,51,Forecast
743,20251101,2025-11-01,2025,11,3,1022,2,54,Forecast
744,20251201,2025-12-01,2025,12,3,1022,2,61,Forecast
745,20250101,2025-01-01,2025,1,4,1023,2,34,Actual
746,20250201,2025-02-01,2025,2,4,1023,2,39,Actual
747,20250301,2025-03-01,2025,3,4,1023,2,38,Actual
748,20250401,2025-04-01,2025,4,4,1023,2,50,Actual
749,20250501,2025-05-01,2025,5,4,1023,2,52,Actual
750,20250601,2025-06-01,2025,6,4,1023,2,41,Actual
751,20250701,2025-07-01,2025,7,4,1023,2,39,Actual
752,20250801,2025-08-01,2025,8,4,1023,2,39,Actual
753,20250901,2025-09-01,2025,9,4,1023,2,40,Actual
754,20251001,2025-10-01,2025,10,4,1023,2,50,Forecast
755,20251101,2025-11-01,2025,11,4,1023,2,41,Forecast
756,20251201,2025-12-01,2025,12,4,1023,2,54,Forecast
757,20250101,2025-01-01,2025,1,3,1024,2,36,Actual
758,20250201,2025-02-01,2025,2,3,1024,2,37,Actual
759,20250301,2025-03-01,2025,3,3,1024,2,38,Actual
760,20250401,2025-04-01,2025,4,3,1024,2,49,Actual
761,20250501,2025-05-01,2025,5,3,1024,2,46,Actual
762,20250601,2025-06-01,2025,6,3,1024,2,54,Actual
763,20250701,2025-07-01,2025,7,3,1024,2,34,Actual
764,20250801,2025-08-01,2025,8,3,1024,2,35,Actual
765,20250901,2025-09-01,2025,9,3,1024,2,47,Actual
766,20251001,2025-10-01,2025,10,3,1024,2,53,Forecast
767,20251101,2025-11-01,2025,11,3,1024,2,58,Forecast
768,20251201,2025-12-01,2025,12,3,1024,2,53,Forecast
769,20250101,2025-01-01,2025,1,4,1025,2,40,Actual
770,20250201,2025-02-01,2025,2,4,1025,2,38,Actual
771,20250301,2025-03-01,2025,3,4,1025,2,41,Actual
772,20250401,2025-04-01,2025,4,4,1025,2,45,Actual
773,20250501,2025-05-01,2025,5,4,1025,2,51,Actual
774,20250601,2025-06-01,2025,6,4,1025,2,55,Actual
775,20250701,2025-07-01,2025,7,4,1025,2,40,Actual
776,20250801,2025-08-01,2025,8,4,1025,2,34,Actual
777,20250901,2025-09-01,2025,9,4,1025,2,43,Actual
778,20251001,2025-10-01,2025,10,4,1025,2,48,Forecast
779,20251101,2025-11-01,2025,11,4,1025,2,44,Forecast
780,20251201,2025-12-01,2025,12,4,1025,2,60,Forecast
781,20250101,2025-01-01,2025,1,3,1026,2,43,Actual
782,20250201,2025-02-01,2025,2,3,1026,2,36,Actual
783,20250301,2025-03-01,2025,3,3,1026,2,43,Actual
784,20250401,2025-04-01,2025,4,3,1026,2,51,Actual
785,20250501,2025-05-01,2025,5,3,1026,2,55,Actual
786,20250601,2025-06-01,2025,6,3,1026,2,50,Actual
787,20250701,2025-07-01,2025,7,3,1026,2,41,Actual
788,20250801,2025-08-01,2025,8,3,1026,2,33,Actual
789,20250901,2025-09-01,2025,9,3,1026,2,53,Actual
790,20251001,2025-10-01,2025,10,3,1026,2,55,Forecast
791,20251101,2025-11-01,2025,11,3,1026,2,57,Forecast
792,20251201,2025-12-01,2025,12,3,1026,2,63,Forecast
793,20250101,2025-01-01,2025,1,4,1027,2,43,Actual
794,20250201,2025-02-01,2025,2,4,1027,2,36,Actual
795,20250301,2025-03-01,2025,3,4,1027,2,40,Actual
796,20250401,2025-04-01,2025,4,4,1027,2,47,Actual
797,20250501,2025-05-01,2025,5,4,1027,2,49,Actual
798,20250601,2025-06-01,2025,6,4,1027,2,43,Actual
799,20250701,2025-07-01,2025,7,4,1027,2,41,Actual
800,20250801,2025-08-01,2025,8,4,1027,2,32,Actual
801,20250901,2025-09-01,2025,9,4,1027,2,40,Actual
802,20251001,2025-10-01,2025,10,4,1027,2,47,Forecast
803,20251101,2025-11-01,2025,11,4,1027,2,42,Forecast
804,20251201,2025-12-01,2025,12,4,1027,2,51,Forecast
805,20250101,2025-01-01,2025,1,3,1028,2,38,Actual
806,20250201,2025-02-01,2025,2,3,1028,2,39,Actual
807,20250301,2025-03-01,2025,3,3,1028,2,47,Actual
808,20250401,2025-04-01,2025,4,3,1028,2,46,Actual
809,20250501,2025-05-01,2025,5,3,1028,2,42,Actual
810,20250601,2025-06-01,2025,6,3,1028,2,47,Actual
811,20250701,2025-07-01,2025,7,3,1028,2,41,Actual
812,20250801,2025-08-01,2025,8,3,1028,2,32,Actual
813,20250901,2025-09-01,2025,9,3,1028,2,51,Actual
814,20251001,2025-10-01,2025,10,3,1028,2,54,Forecast
815,20251101,2025-11-01,2025,11,3,1028,2,54,Forecast
816,20251201,2025-12-01,2025,12,3,1028,2,61,Forecast
817,20250101,2025-01-01,2025,1,1,1029,3,31,Actual
818,20250201,2025-02-01,2025,2,1,1029,3,33,Actual
819,20250301,2025-03-01,2025,3,1,1029,3,34,Actual
820,20250401,2025-04-01,2025,4,1,1029,3,37,Actual
821,20250501,2025-05-01,2025,5,1,1029,3,32,Actual
822,20250601,2025-06-01,2025,6,1,1029,3,42,Actual
823,20250701,2025-07-01,2025,7,1,1029,3,32,Actual
824,20250801,2025-08-01,2025,8,1,1029,3,24,Actual
825,20250901,2025-09-01,2025,9,1,1029,3,38,Actual
826,20251001,2025-10-01,2025,10,1,1029,3,33,Forecast
827,20251101,2025-11-01,2025,11,1,1029,3,39,Forecast
828,20251201,2025-12-01,2025,12,1,1029,3,42,Forecast
829,20250101,2025-01-01,2025,1,2,1030,3,29,Actual
830,20250201,2025-02-01,2025,2,2,1030,3,25,Actual
831,20250301,2025-03-01,2025,3,2,1030,3,32,Actual
832,20250401,2025-04-01,2025,4,2,1030,3,32,Actual
833,20250501,2025-05-01,2025,5,2,1030,3,37,Actual
834,20250601,2025-06-01,2025,6,2,1030,3,33,Actual
835,20250701,2025-07-01,2025,7,2,1030,3,28,Actual
836,20250801,2025-08-01,2025,8,2,1030,3,28,Actual
837,20250901,2025-09-01,2025,9,2,1030,3,28,Actual
838,20251001,2025-10-01,2025,10,2,1030,3,37,Forecast
839,20251101,2025-11-01,2025,11,2,1030,3,37,Forecast
840,20251201,2025-12-01,2025,12,2,1030,3,33,Forecast
841,20250101,2025-01-01,2025,1,1,1031,3,31,Actual
842,20250201,2025-02-01,2025,2,1,1031,3,27,Actual
843,20250301,2025-03-01,2025,3,1,1031,3,28,Actual
844,20250401,2025-04-01,2025,4,1,1031,3,33,Actual
845,20250501,2025-05-01,2025,5,1,1031,3,36,Actual
846,20250601,2025-06-01,2025,6,1,1031,3,41,Actual
847,20250701,2025-07-01,2025,7,1,1031,3,31,Actual
848,20250801,2025-08-01,2025,8,1,1031,3,27,Actual
849,20250901,2025-09-01,2025,9,1,1031,3,32,Actual
850,20251001,2025-10-01,2025,10,1,1031,3,32,Forecast
851,20251101,2025-11-01,2025,11,1,1031,3,37,Forecast
852,20251201,2025-12-01,2025,12,1,1031,3,47,Forecast
853,20250101,2025-01-01,2025,1,2,1032,3,26,Actual
854,20250201,2025-02-01,2025,2,2,1032,3,29,Actual
855,20250301,2025-03-01,2025,3,2,1032,3,29,Actual
856,20250401,2025-04-01,2025,4,2,1032,3,29,Actual
857,20250501,2025-05-01,2025,5,2,1032,3,38,Actual
858,20250601,2025-06-01,2025,6,2,1032,3,33,Actual
859,20250701,2025-07-01,2025,7,2,1032,3,30,Actual
860,20250801,2025-08-01,2025,8,2,1032,3,23,Actual
861,20250901,2025-09-01,2025,9,2,1032,3,29,Actual
862,20251001,2025-10-01,2025,10,2,1032,3,34,Forecast
863,20251101,2025-11-01,2025,11,2,1032,3,31,Forecast
864,20251201,2025-12-01,2025,12,2,1032,3,32,Forecast
865,20250101,2025-01-01,2025,1,1,1033,3,33,Actual
866,20250201,2025-02-01,2025,2,1,1033,3,32,Actual
867,20250301,2025-03-01,2025,3,1,1033,3,36,Actual
868,20250401,2025-04-01,2025,4,1,1033,3,34,Actual
869,20250501,2025-05-01,2025,5,1,1033,3,32,Actual
870,20250601,2025-06-01,2025,6,1,1033,3,34,Actual
871,20250701,2025-07-01,2025,7,1,1033,3,31,Actual
872,20250801,2025-08-01,2025,8,1,1033,3,27,Actual
873,20250901,2025-09-01,2025,9,1,1033,3,31,Actual
874,20251001,2025-10-01,2025,10,1,1033,3,34,Forecast
875,20251101,2025-11-01,2025,11,1,1033,3,40,Forecast
876,20251201,2025-12-01,2025,12,1,1033,3,46,Forecast
877,20250101,2025-01-01,2025,1,2,1034,3,29,Actual
878,20250201,2025-02-01,2025,2,2,1034,3,24,Actual
879,20250301,2025-03-01,2025,3,2,1034,3,30,Actual
880,20250401,2025-04-01,2025,4,2,1034,3,28,Actual
881,20250501,2025-05-01,2025,5,2,1034,3,30,Actual
882,20250601,2025-06-01,2025,6,2,1034,3,39,Actual
883,20250701,2025-07-01,2025,7,2,1034,3,24,Actual
884,20250801,2025-08-01,2025,8,2,1034,3,25,Actual
885,20250901,2025-09-01,2025,9,2,1034,3,32,Actual
886,20251001,2025-10-01,2025,10,2,1034,3,35,Forecast
887,20251101,2025-11-01,2025,11,2,1034,3,37,Forecast
888,20251201,2025-12-01,2025,12,2,1034,3,34,Forecast
889,20250101,2025-01-01,2025,1,3,1035,3,23,Actual
890,20250201,2025-02-01,2025,2,3,1035,3,24,Actual
891,20250301,2025-03-01,2025,3,3,1035,3,29,Actual
892,20250401,2025-04-01,2025,4,3,1035,3,32,Actual
893,20250501,2025-05-01,2025,5,3,1035,3,27,Actual
894,20250601,2025-06-01,2025,6,3,1035,3,37,Actual
895,20250701,2025-07-01,2025,7,3,1035,3,22,Actual
896,20250801,2025-08-01,2025,8,3,1035,3,24,Actual
897,20250901,2025-09-01,2025,9,3,1035,3,32,Actual
898,20251001,2025-10-01,2025,10,3,1035,3,33,Forecast
899,20251101,2025-11-01,2025,11,3,1035,3,29,Forecast
900,20251201,2025-12-01,2025,12,3,1035,3,31,Forecast
901,20250101,2025-01-01,2025,1,4,1036,3,22,Actual
902,20250201,2025-02-01,2025,2,4,1036,3,23,Actual
903,20250301,2025-03-01,2025,3,4,1036,3,30,Actual
904,20250401,2025-04-01,2025,4,4,1036,3,26,Actual
905,20250501,2025-05-01,2025,5,4,1036,3,34,Actual
906,20250601,2025-06-01,2025,6,4,1036,3,29,Actual
907,20250701,2025-07-01,2025,7,4,1036,3,22,Actual
908,20250801,2025-08-01,2025,8,4,1036,3,24,Actual
909,20250901,2025-09-01,2025,9,4,1036,3,29,Actual
910,20251001,2025-10-01,2025,10,4,1036,3,29,Forecast
911,20251101,2025-11-01,2025,11,4,1036,3,34,Forecast
912,20251201,2025-12-01,2025,12,4,1036,3,36,Forecast
913,20250101,2025-01-01,2025,1,3,1037,3,27,Actual
914,20250201,2025-02-01,2025,2,3,1037,3,26,Actual
915,20250301,2025-03-01,2025,3,3,1037,3,27,Actual
916,20250401,2025-04-01,2025,4,3,1037,3,29,Actual
917,20250501,2025-05-01,2025,5,3,1037,3,36,Actual
918,20250601,2025-06-01,2025,6,3,1037,3,28,Actual
919,20250701,2025-07-01,2025,7,3,1037,3,28,Actual
920,20250801,2025-08-01,2025,8,3,1037,3,24,Actual
921,20250901,2025-09-01,2025,9,3,1037,3,29,Actual
922,20251001,2025-10-01,2025,10,3,1037,3,28,Forecast
923,20251101,2025-11-01,2025,11,3,1037,3,35,Forecast
924,20251201,2025-12-01,2025,12,3,1037,3,40,Forecast
925,20250101,2025-01-01,2025,1,4,1038,3,22,Actual
926,20250201,2025-02-01,2025,2,4,1038,3,23,Actual
927,20250301,2025-03-01,2025,3,4,1038,3,30,Actual
928,20250401,2025-04-01,2025,4,4,1038,3,25,Actual
929,20250501,2025-05-01,2025,5,4,1038,3,33,Actual
930,20250601,2025-06-01,2025,6,4,1038,3,31,Actual
931,20250701,2025-07-01,2025,7,4,1038,3,22,Actual
932,20250801,2025-08-01,2025,8,4,1038,3,25,Actual
933,20250901,2025-09-01,2025,9,4,1038,3,28,Actual
934,20251001,2025-10-01,2025,10,4,1038,3,29,Forecast
935,20251101,2025-11-01,2025,11,4,1038,3,28,Forecast
936,20251201,2025-12-01,2025,12,4,1038,3,29,Forecast
937,20250101,2025-01-01,2025,1,3,1039,3,23,Actual
938,20250201,2025-02-01,2025,2,3,1039,3,27,Actual
939,20250301,2025-03-01,2025,3,3,1039,3,27,Actual
940,20250401,2025-04-01,2025,4,3,1039,3,33,Actual
941,20250501,2025-05-01,2025,5,3,1039,3,31,Actual
942,20250601,2025-06-01,2025,6,3,1039,3,30,Actual
943,20250701,2025-07-01,2025,7,3,1039,3,26,Actual
944,20250801,2025-08-01,2025,8,3,1039,3,25,Actual
945,20250901,2025-09-01,2025,9,3,1039,3,27,Actual
946,20251001,2025-10-01,2025,10,3,1039,3,27,Forecast
947,20251101,2025-11-01,2025,11,3,1039,3,33,Forecast
948,20251201,2025-12-01,2025,12,3,1039,3,40,Forecast
949,20250101,2025-01-01,2025,1,4,1040,3,21,Actual
950,20250201,2025-02-01,2025,2,4,1040,3,22,Actual
951,20250301,2025-03-01,2025,3,4,1040,3,26,Actual
952,20250401,2025-04-01,2025,4,4,1040,3,32,Actual
953,20250501,2025-05-01,2025,5,4,1040,3,28,Actual
954,20250601,2025-06-01,2025,6,4,1040,3,31,Actual
955,20250701,2025-07-01,2025,7,4,1040,3,21,Actual
956,20250801,2025-08-01,2025,8,4,1040,3,20,Actual
957,20250901,2025-09-01,2025,9,4,1040,3,32,Actual
958,20251001,2025-10-01,2025,10,4,1040,3,31,Forecast
959,20251101,2025-11-01,2025,11,4,1040,3,28,Forecast
960,20251201,2025-12-01,2025,12,4,1040,3,36,Forecast
961,20260101,2026-01-01,2026,1,1,1001,1,124,Budget
962,20260201,2026-02-01,2026,2,1,1001,1,138,Budget
963,20260301,2026-03-01,2026,3,1,1001,1,144,Budget
964,20260401,2026-04-01,2026,4,1,1001,1,148,Budget
965,20260501,2026-05-01,2026,5,1,1001,1,140,Budget
966,20260601,2026-06-01,2026,6,1,1001,1,169,Budget
967,20260701,2026-07-01,2026,7,1,1001,1,134,Budget
968,20260801,2026-08-01,2026,8,1,1001,1,107,Budget
969,20260901,2026-09-01,2026,9,1,1001,1,144,Budget
970,20261001,2026-10-01,2026,10,1,1001,1,168,Budget
971,20261101,2026-11-01,2026,11,1,1001,1,154,Budget
972,20261201,2026-12-01,2026,12,1,1001,1,191,Budget
973,20260101,2026-01-01,2026,1,2,1002,1,116,Budget
974,20260201,2026-02-01,2026,2,2,1002,1,130,Budget
975,20260301,2026-03-01,2026,3,2,1002,1,123,Budget
976,20260401,2026-04-01,2026,4,2,1002,1,138,Budget
977,20260501,2026-05-01,2026,5,2,1002,1,144,Budget
978,20260601,2026-06-01,2026,6,2,1002,1,146,Budget
979,20260701,2026-07-01,2026,7,2,1002,1,111,Budget
980,20260801,2026-08-01,2026,8,2,1002,1,106,Budget
981,20260901,2026-09-01,2026,9,2,1002,1,137,Budget
982,20261001,2026-10-01,2026,10,2,1002,1,144,Budget
983,20261101,2026-11-01,2026,11,2,1002,1,134,Budget
984,20261201,2026-12-01,2026,12,2,1002,1,156,Budget
985,20260101,2026-01-01,2026,1,1,1003,1,132,Budget
986,20260201,2026-02-01,2026,2,1,1003,1,127,Budget
987,20260301,2026-03-01,2026,3,1,1003,1,159,Budget
988,20260401,2026-04-01,2026,4,1,1003,1,165,Budget
989,20260501,2026-05-01,2026,5,1,1003,1,176,Budget
990,20260601,2026-06-01,2026,6,1,1003,1,174,Budget
991,20260701,2026-07-01,2026,7,1,1003,1,140,Budget
992,20260801,2026-08-01,2026,8,1,1003,1,126,Budget
993,20260901,2026-09-01,2026,9,1,1003,1,141,Budget
994,20261001,2026-10-01,2026,10,1,1003,1,162,Budget
995,20261101,2026-11-01,2026,11,1,1003,1,185,Budget
996,20261201,2026-12-01,2026,12,1,1003,1,202,Budget
997,20260101,2026-01-01,2026,1,2,1004,1,110,Budget
998,20260201,2026-02-01,2026,2,2,1004,1,120,Budget
999,20260301,2026-03-01,2026,3,2,1004,1,126,Budget
1000,20260401,2026-04-01,2026,4,2,1004,1,135,Budget
1001,20260501,2026-05-01,2026,5,2,1004,1,128,Budget
1002,20260601,2026-06-01,2026,6,2,1004,1,151,Budget
1003,20260701,2026-07-01,2026,7,2,1004,1,123,Budget
1004,20260801,2026-08-01,2026,8,2,1004,1,98,Budget
1005,20260901,2026-09-01,2026,9,2,1004,1,139,Budget
1006,20261001,2026-10-01,2026,10,2,1004,1,146,Budget
1007,20261101,2026-11-01,2026,11,2,1004,1,160,Budget
1008,20261201,2026-12-01,2026,12,2,1004,1,169,Budget
1009,20260101,2026-01-01,2026,1,1,1005,1,112,Budget
1010,20260201,2026-02-01,2026,2,1,1005,1,131,Budget
1011,20260301,2026-03-01,2026,3,1,1005,1,139,Budget
1012,20260401,2026-04-01,2026,4,1,1005,1,135,Budget
1013,20260501,2026-05-01,2026,5,1,1005,1,146,Budget
1014,20260601,2026-06-01,2026,6,1,1005,1,160,Budget
1015,20260701,2026-07-01,2026,7,1,1005,1,130,Budget
1016,20260801,2026-08-01,2026,8,1,1005,1,117,Budget
1017,20260901,2026-09-01,2026,9,1,1005,1,143,Budget
1018,20261001,2026-10-01,2026,10,1,1005,1,147,Budget
1019,20261101,2026-11-01,2026,11,1,1005,1,150,Budget
1020,20261201,2026-12-01,2026,12,1,1005,1,158,Budget
1021,20260101,2026-01-01,2026,1,3,1006,1,107,Budget
1022,20260201,2026-02-01,2026,2,3,1006,1,115,Budget
1023,20260301,2026-03-01,2026,3,3,1006,1,107,Budget
1024,20260401,2026-04-01,2026,4,3,1006,1,123,Budget
1025,20260501,2026-05-01,2026,5,3,1006,1,130,Budget
1026,20260601,2026-06-01,2026,6,3,1006,1,122,Budget
1027,20260701,2026-07-01,2026,7,3,1006,1,105,Budget
1028,20260801,2026-08-01,2026,8,3,1006,1,97,Budget
1029,20260901,2026-09-01,2026,9,3,1006,1,119,Budget
1030,20261001,2026-10-01,2026,10,3,1006,1,123,Budget
1031,20261101,2026-11-01,2026,11,3,1006,1,123,Budget
1032,20261201,2026-12-01,2026,12,3,1006,1,153,Budget
1033,20260101,2026-01-01,2026,1,4,1007,1,93,Budget
1034,20260201,2026-02-01,2026,2,4,1007,1,111,Budget
1035,20260301,2026-03-01,2026,3,4,1007,1,119,Budget
1036,20260401,2026-04-01,2026,4,4,1007,1,117,Budget
1037,20260501,2026-05-01,2026,5,4,1007,1,131,Budget
1038,20260601,2026-06-01,2026,6,4,1007,1,137,Budget
1039,20260701,2026-07-01,2026,7,4,1007,1,106,Budget
1040,20260801,2026-08-01,2026,8,4,1007,1,89,Budget
1041,20260901,2026-09-01,2026,9,4,1007,1,130,Budget
1042,20261001,2026-10-01,2026,10,4,1007,1,127,Budget
1043,20261101,2026-11-01,2026,11,4,1007,1,138,Budget
1044,20261201,2026-12-01,2026,12,4,1007,1,136,Budget
1045,20260101,2026-01-01,2026,1,3,1008,1,95,Budget
1046,20260201,2026-02-01,2026,2,3,1008,1,105,Budget
1047,20260301,2026-03-01,2026,3,3,1008,1,123,Budget
1048,20260401,2026-04-01,2026,4,3,1008,1,113,Budget
1049,20260501,2026-05-01,2026,5,3,1008,1,132,Budget
1050,20260601,2026-06-01,2026,6,3,1008,1,145,Budget
1051,20260701,2026-07-01,2026,7,3,1008,1,108,Budget
1052,20260801,2026-08-01,2026,8,3,1008,1,101,Budget
1053,20260901,2026-09-01,2026,9,3,1008,1,120,Budget
1054,20261001,2026-10-01,2026,10,3,1008,1,124,Budget
1055,20261101,2026-11-01,2026,11,3,1008,1,127,Budget
1056,20261201,2026-12-01,2026,12,3,1008,1,140,Budget
1057,20260101,2026-01-01,2026,1,4,1009,1,109,Budget
1058,20260201,2026-02-01,2026,2,4,1009,1,114,Budget
1059,20260301,2026-03-01,2026,3,4,1009,1,112,Budget
1060,20260401,2026-04-01,2026,4,4,1009,1,113,Budget
1061,20260501,2026-05-01,2026,5,4,1009,1,118,Budget
1062,20260601,2026-06-01,2026,6,4,1009,1,123,Budget
1063,20260701,2026-07-01,2026,7,4,1009,1,105,Budget
1064,20260801,2026-08-01,2026,8,4,1009,1,95,Budget
1065,20260901,2026-09-01,2026,9,4,1009,1,111,Budget
1066,20261001,2026-10-01,2026,10,4,1009,1,112,Budget
1067,20261101,2026-11-01,2026,11,4,1009,1,124,Budget
1068,20261201,2026-12-01,2026,12,4,1009,1,140,Budget
1069,20260101,2026-01-01,2026,1,3,1010,1,102,Budget
1070,20260201,2026-02-01,2026,2,3,1010,1,105,Budget
1071,20260301,2026-03-01,2026,3,3,1010,1,108,Budget
1072,20260401,2026-04-01,2026,4,3,1010,1,116,Budget
1073,20260501,2026-05-01,2026,5,3,1010,1,117,Budget
1074,20260601,2026-06-01,2026,6,3,1010,1,133,Budget
1075,20260701,2026-07-01,2026,7,3,1010,1,100,Budget
1076,20260801,2026-08-01,2026,8,3,1010,1,101,Budget
1077,20260901,2026-09-01,2026,9,3,1010,1,113,Budget
1078,20261001,2026-10-01,2026,10,3,1010,1,136,Budget
1079,20261101,2026-11-01,2026,11,3,1010,1,144,Budget
1080,20261201,2026-12-01,2026,12,3,1010,1,153,Budget
1081,20260101,2026-01-01,2026,1,1,1011,2,43,Budget
1082,20260201,2026-02-01,2026,2,1,1011,2,48,Budget
1083,20260301,2026-03-01,2026,3,1,1011,2,55,Budget
1084,20260401,2026-04-01,2026,4,1,1011,2,54,Budget
1085,20260501,2026-05-01,2026,5,1,1011,2,60,Budget
1086,20260601,2026-06-01,2026,6,1,1011,2,63,Budget
1087,20260701,2026-07-01,2026,7,1,1011,2,48,Budget
1088,20260801,2026-08-01,2026,8,1,1011,2,47,Budget
1089,20260901,2026-09-01,2026,9,1,1011,2,54,Budget
1090,20261001,2026-10-01,2026,10,1,1011,2,58,Budget
1091,20261101,2026-11-01,2026,11,1,1011,2,56,Budget
1092,20261201,2026-12-01,2026,12,1,1011,2,64,Budget
1093,20260101,2026-01-01,2026,1,2,1012,2,43,Budget
1094,20260201,2026-02-01,2026,2,2,1012,2,43,Budget
1095,20260301,2026-03-01,2026,3,2,1012,2,48,Budget
1096,20260401,2026-04-01,2026,4,2,1012,2,56,Budget
1097,20260501,2026-05-01,2026,5,2,1012,2,53,Budget
1098,20260601,2026-06-01,2026,6,2,1012,2,58,Budget
1099,20260701,2026-07-01,2026,7,2,1012,2,42,Budget
1100,20260801,2026-08-01,2026,8,2,1012,2,39,Budget
1101,20260901,2026-09-01,2026,9,2,1012,2,50,Budget
1102,20261001,2026-10-01,2026,10,2,1012,2,58,Budget
1103,20261101,2026-11-01,2026,11,2,1012,2,57,Budget
1104,20261201,2026-12-01,2026,12,2,1012,2,64,Budget
1105,20260101,2026-01-01,2026,1,1,1013,2,48,Budget
1106,20260201,2026-02-01,2026,2,1,1013,2,54,Budget
1107,20260301,2026-03-01,2026,3,1,1013,2,52,Budget
1108,20260401,2026-04-01,2026,4,1,1013,2,51,Budget
1109,20260501,2026-05-01,2026,5,1,1013,2,55,Budget
1110,20260601,2026-06-01,2026,6,1,1013,2,60,Budget
1111,20260701,2026-07-01,2026,7,1,1013,2,46,Budget
1112,20260801,2026-08-01,2026,8,1,1013,2,47,Budget
1113,20260901,2026-09-01,2026,9,1,1013,2,54,Budget
1114,20261001,2026-10-01,2026,10,1,1013,2,54,Budget
1115,20261101,2026-11-01,2026,11,1,1013,2,64,Budget
1116,20261201,2026-12-01,2026,12,1,1013,2,72,Budget
1117,20260101,2026-01-01,2026,1,2,1014,2,49,Budget
1118,20260201,2026-02-01,2026,2,2,1014,2,51,Budget
1119,20260301,2026-03-01,2026,3,2,1014,2,52,Budget
1120,20260401,2026-04-01,2026,4,2,1014,2,51,Budget
1121,20260501,2026-05-01,2026,5,2,1014,2,52,Budget
1122,20260601,2026-06-01,2026,6,2,1014,2,53,Budget
1123,20260701,2026-07-01,2026,7,2,1014,2,49,Budget
1124,20260801,2026-08-01,2026,8,2,1014,2,47,Budget
1125,20260901,2026-09-01,2026,9,2,1014,2,54,Budget
1126,20261001,2026-10-01,2026,10,2,1014,2,60,Budget
1127,20261101,2026-11-01,2026,11,2,1014,2,60,Budget
1128,20261201,2026-12-01,2026,12,2,1014,2,65,Budget
1129,20260101,2026-01-01,2026,1,1,1015,2,44,Budget
1130,20260201,2026-02-01,2026,2,1,1015,2,45,Budget
1131,20260301,2026-03-01,2026,3,1,1015,2,52,Budget
1132,20260401,2026-04-01,2026,4,1,1015,2,58,Budget
1133,20260501,2026-05-01,2026,5,1,1015,2,59,Budget
1134,20260601,2026-06-01,2026,6,1,1015,2,58,Budget
1135,20260701,2026-07-01,2026,7,1,1015,2,51,Budget
1136,20260801,2026-08-01,2026,8,1,1015,2,41,Budget
1137,20260901,2026-09-01,2026,9,1,1015,2,52,Budget
1138,20261001,2026-10-01,2026,10,1,1015,2,57,Budget
1139,20261101,2026-11-01,2026,11,1,1015,2,57,Budget
1140,20261201,2026-12-01,2026,12,1,1015,2,61,Budget
1141,20260101,2026-01-01,2026,1,2,1016,2,39,Budget
1142,20260201,2026-02-01,2026,2,2,1016,2,49,Budget
1143,20260301,2026-03-01,2026,3,2,1016,2,43,Budget
1144,20260401,2026-04-01,2026,4,2,1016,2,50,Budget
1145,20260501,2026-05-01,2026,5,2,1016,2,54,Budget
1146,20260601,2026-06-01,2026,6,2,1016,2,57,Budget
1147,20260701,2026-07-01,2026,7,2,1016,2,43,Budget
1148,20260801,2026-08-01,2026,8,2,1016,2,42,Budget
1149,20260901,2026-09-01,2026,9,2,1016,2,54,Budget
1150,20261001,2026-10-01,2026,10,2,1016,2,48,Budget
1151,20261101,2026-11-01,2026,11,2,1016,2,53,Budget
1152,20261201,2026-12-01,2026,12,2,1016,2,56,Budget
1153,20260101,2026-01-01,2026,1,1,1017,2,46,Budget
1154,20260201,2026-02-01,2026,2,1,1017,2,53,Budget
1155,20260301,2026-03-01,2026,3,1,1017,2,56,Budget
1156,20260401,2026-04-01,2026,4,1,1017,2,54,Budget
1157,20260501,2026-05-01,2026,5,1,1017,2,61,Budget
1158,20260601,2026-06-01,2026,6,1,1017,2,64,Budget
1159,20260701,2026-07-01,2026,7,1,1017,2,43,Budget
1160,20260801,2026-08-01,2026,8,1,1017,2,47,Budget
1161,20260901,2026-09-01,2026,9,1,1017,2,58,Budget
1162,20261001,2026-10-01,2026,10,1,1017,2,59,Budget
1163,20261101,2026-11-01,2026,11,1,1017,2,60,Budget
1164,20261201,2026-12-01,2026,12,1,1017,2,72,Budget
1165,20260101,2026-01-01,2026,1,2,1018,2,45,Budget
1166,20260201,2026-02-01,2026,2,2,1018,2,44,Budget
1167,20260301,2026-03-01,2026,3,2,1018,2,50,Budget
1168,20260401,2026-04-01,2026,4,2,1018,2,54,Budget
1169,20260501,2026-05-01,2026,5,2,1018,2,54,Budget
1170,20260601,2026-06-01,2026,6,2,1018,2,50,Budget
1171,20260701,2026-07-01,2026,7,2,1018,2,44,Budget
1172,20260801,2026-08-01,2026,8,2,1018,2,39,Budget
1173,20260901,2026-09-01,2026,9,2,1018,2,45,Budget
1174,20261001,2026-10-01,2026,10,2,1018,2,50,Budget
1175,20261101,2026-11-01,2026,11,2,1018,2,56,Budget
1176,20261201,2026-12-01,2026,12,2,1018,2,55,Budget
1177,20260101,2026-01-01,2026,1,1,1019,2,48,Budget
1178,20260201,2026-02-01,2026,2,1,1019,2,50,Budget
1179,20260301,2026-03-01,2026,3,1,1019,2,49,Budget
1180,20260401,2026-04-01,2026,4,1,1019,2,51,Budget
1181,20260501,2026-05-01,2026,5,1,1019,2,56,Budget
1182,20260601,2026-06-01,2026,6,1,1019,2,58,Budget
1183,20260701,2026-07-01,2026,7,1,1019,2,52,Budget
1184,20260801,2026-08-01,2026,8,1,1019,2,46,Budget
1185,20260901,2026-09-01,2026,9,1,1019,2,52,Budget
1186,20261001,2026-10-01,2026,10,1,1019,2,64,Budget
1187,20261101,2026-11-01,2026,11,1,1019,2,62,Budget
1188,20261201,2026-12-01,2026,12,1,1019,2,66,Budget
1189,20260101,2026-01-01,2026,1,3,1020,2,38,Budget
1190,20260201,2026-02-01,2026,2,3,1020,2,43,Budget
1191,20260301,2026-03-01,2026,3,3,1020,2,45,Budget
1192,20260401,2026-04-01,2026,4,3,1020,2,52,Budget
1193,20260501,2026-05-01,2026,5,3,1020,2,48,Budget
1194,20260601,2026-06-01,2026,6,3,1020,2,52,Budget
1195,20260701,2026-07-01,2026,7,3,1020,2,40,Budget
1196,20260801,2026-08-01,2026,8,3,1020,2,35,Budget
1197,20260901,2026-09-01,2026,9,3,1020,2,46,Budget
1198,20261001,2026-10-01,2026,10,3,1020,2,51,Budget
1199,20261101,2026-11-01,2026,11,3,1020,2,47,Budget
1200,20261201,2026-12-01,2026,12,3,1020,2,53,Budget
1201,20260101,2026-01-01,2026,1,4,1021,2,38,Budget
1202,20260201,2026-02-01,2026,2,4,1021,2,42,Budget
1203,20260301,2026-03-01,2026,3,4,1021,2,42,Budget
1204,20260401,2026-04-01,2026,4,4,1021,2,42,Budget
1205,20260501,2026-05-01,2026,5,4,1021,2,46,Budget
1206,20260601,2026-06-01,2026,6,4,1021,2,47,Budget
1207,20260701,2026-07-01,2026,7,4,1021,2,36,Budget
1208,20260801,2026-08-01,2026,8,4,1021,2,35,Budget
1209,20260901,2026-09-01,2026,9,4,1021,2,40,Budget
1210,20261001,2026-10-01,2026,10,4,1021,2,49,Budget
1211,20261101,2026-11-01,2026,11,4,1021,2,51,Budget
1212,20261201,2026-12-01,2026,12,4,1021,2,53,Budget
1213,20260101,2026-01-01,2026,1,3,1022,2,41,Budget
1214,20260201,2026-02-01,2026,2,3,1022,2,46,Budget
1215,20260301,2026-03-01,2026,3,3,1022,2,50,Budget
1216,20260401,2026-04-01,2026,4,3,1022,2,47,Budget
1217,20260501,2026-05-01,2026,5,3,1022,2,55,Budget
1218,20260601,2026-06-01,2026,6,3,1022,2,59,Budget
1219,20260701,2026-07-01,2026,7,3,1022,2,41,Budget
1220,20260801,2026-08-01,2026,8,3,1022,2,44,Budget
1221,20260901,2026-09-01,2026,9,3,1022,2,54,Budget
1222,20261001,2026-10-01,2026,10,3,1022,2,51,Budget
1223,20261101,2026-11-01,2026,11,3,1022,2,59,Budget
1224,20261201,2026-12-01,2026,12,3,1022,2,64,Budget
1225,20260101,2026-01-01,2026,1,4,1023,2,39,Budget
1226,20260201,2026-02-01,2026,2,4,1023,2,43,Budget
1227,20260301,2026-03-01,2026,3,4,1023,2,42,Budget
1228,20260401,2026-04-01,2026,4,4,1023,2,43,Budget
1229,20260501,2026-05-01,2026,5,4,1023,2,43,Budget
1230,20260601,2026-06-01,2026,6,4,1023,2,52,Budget
1231,20260701,2026-07-01,2026,7,4,1023,2,35,Budget
1232,20260801,2026-08-01,2026,8,4,1023,2,33,Budget
1233,20260901,2026-09-01,2026,9,4,1023,2,43,Budget
1234,20261001,2026-10-01,2026,10,4,1023,2,52,Budget
1235,20261101,2026-11-01,2026,11,4,1023,2,50,Budget
1236,20261201,2026-12-01,2026,12,4,1023,2,57,Budget
1237,20260101,2026-01-01,2026,1,3,1024,2,40,Budget
1238,20260201,2026-02-01,2026,2,3,1024,2,39,Budget
1239,20260301,2026-03-01,2026,3,3,1024,2,43,Budget
1240,20260401,2026-04-01,2026,4,3,1024,2,44,Budget
1241,20260501,2026-05-01,2026,5,3,1024,2,48,Budget
1242,20260601,2026-06-01,2026,6,3,1024,2,48,Budget
1243,20260701,2026-07-01,2026,7,3,1024,2,40,Budget
1244,20260801,2026-08-01,2026,8,3,1024,2,40,Budget
1245,20260901,2026-09-01,2026,9,3,1024,2,49,Budget
1246,20261001,2026-10-01,2026,10,3,1024,2,54,Budget
1247,20261101,2026-11-01,2026,11,3,1024,2,58,Budget
1248,20261201,2026-12-01,2026,12,3,1024,2,61,Budget
1249,20260101,2026-01-01,2026,1,4,1025,2,43,Budget
1250,20260201,2026-02-01,2026,2,4,1025,2,43,Budget
1251,20260301,2026-03-01,2026,3,4,1025,2,43,Budget
1252,20260401,2026-04-01,2026,4,4,1025,2,47,Budget
1253,20260501,2026-05-01,2026,5,4,1025,2,50,Budget
1254,20260601,2026-06-01,2026,6,4,1025,2,56,Budget
1255,20260701,2026-07-01,2026,7,4,1025,2,44,Budget
1256,20260801,2026-08-01,2026,8,4,1025,2,36,Budget
1257,20260901,2026-09-01,2026,9,4,1025,2,51,Budget
1258,20261001,2026-10-01,2026,10,4,1025,2,48,Budget
1259,20261101,2026-11-01,2026,11,4,1025,2,54,Budget
1260,20261201,2026-12-01,2026,12,4,1025,2,57,Budget
1261,20260101,2026-01-01,2026,1,3,1026,2,40,Budget
1262,20260201,2026-02-01,2026,2,3,1026,2,45,Budget
1263,20260301,2026-03-01,2026,3,3,1026,2,53,Budget
1264,20260401,2026-04-01,2026,4,3,1026,2,53,Budget
1265,20260501,2026-05-01,2026,5,3,1026,2,59,Budget
1266,20260601,2026-06-01,2026,6,3,1026,2,59,Budget
1267,20260701,2026-07-01,2026,7,3,1026,2,42,Budget
1268,20260801,2026-08-01,2026,8,3,1026,2,44,Budget
1269,20260901,2026-09-01,2026,9,3,1026,2,52,Budget
1270,20261001,2026-10-01,2026,10,3,1026,2,55,Budget
1271,20261101,2026-11-01,2026,11,3,1026,2,54,Budget
1272,20261201,2026-12-01,2026,12,3,1026,2,64,Budget
1273,20260101,2026-01-01,2026,1,4,1027,2,37,Budget
1274,20260201,2026-02-01,2026,2,4,1027,2,41,Budget
1275,20260301,2026-03-01,2026,3,4,1027,2,39,Budget
1276,20260401,2026-04-01,2026,4,4,1027,2,49,Budget
1277,20260501,2026-05-01,2026,5,4,1027,2,50,Budget
1278,20260601,2026-06-01,2026,6,4,1027,2,48,Budget
1279,20260701,2026-07-01,2026,7,4,1027,2,35,Budget
1280,20260801,2026-08-01,2026,8,4,1027,2,40,Budget
1281,20260901,2026-09-01,2026,9,4,1027,2,47,Budget
1282,20261001,2026-10-01,2026,10,4,1027,2,44,Budget
1283,20261101,2026-11-01,2026,11,4,1027,2,51,Budget
1284,20261201,2026-12-01,2026,12,4,1027,2,53,Budget
1285,20260101,2026-01-01,2026,1,3,1028,2,45,Budget
1286,20260201,2026-02-01,2026,2,3,1028,2,47,Budget
1287,20260301,2026-03-01,2026,3,3,1028,2,44,Budget
1288,20260401,2026-04-01,2026,4,3,1028,2,53,Budget
1289,20260501,2026-05-01,2026,5,3,1028,2,47,Budget
1290,20260601,2026-06-01,2026,6,3,1028,2,52,Budget
1291,20260701,2026-07-01,2026,7,3,1028,2,41,Budget
1292,20260801,2026-08-01,2026,8,3,1028,2,38,Budget
1293,20260901,2026-09-01,2026,9,3,1028,2,46,Budget
1294,20261001,2026-10-01,2026,10,3,1028,2,53,Budget
1295,20261101,2026-11-01,2026,11,3,1028,2,58,Budget
1296,20261201,2026-12-01,2026,12,3,1028,2,57,Budget
1297,20260101,2026-01-01,2026,1,1,1029,3,30,Budget
1298,20260201,2026-02-01,2026,2,1,1029,3,33,Budget
1299,20260301,2026-03-01,2026,3,1,1029,3,36,Budget
1300,20260401,2026-04-01,2026,4,1,1029,3,38,Budget
1301,20260501,2026-05-01,2026,5,1,1029,3,35,Budget
1302,20260601,2026-06-01,2026,6,1,1029,3,41,Budget
1303,20260701,2026-07-01,2026,7,1,1029,3,32,Budget
1304,20260801,2026-08-01,2026,8,1,1029,3,31,Budget
1305,20260901,2026-09-01,2026,9,1,1029,3,34,Budget
1306,20261001,2026-10-01,2026,10,1,1029,3,38,Budget
1307,20261101,2026-11-01,2026,11,1,1029,3,38,Budget
1308,20261201,2026-12-01,2026,12,1,1029,3,48,Budget
1309,20260101,2026-01-01,2026,1,2,1030,3,30,Budget
1310,20260201,2026-02-01,2026,2,2,1030,3,28,Budget
1311,20260301,2026-03-01,2026,3,2,1030,3,32,Budget
1312,20260401,2026-04-01,2026,4,2,1030,3,30,Budget
1313,20260501,2026-05-01,2026,5,2,1030,3,36,Budget
1314,20260601,2026-06-01,2026,6,2,1030,3,36,Budget
1315,20260701,2026-07-01,2026,7,2,1030,3,26,Budget
1316,20260801,2026-08-01,2026,8,2,1030,3,29,Budget
1317,20260901,2026-09-01,2026,9,2,1030,3,32,Budget
1318,20261001,2026-10-01,2026,10,2,1030,3,32,Budget
1319,20261101,2026-11-01,2026,11,2,1030,3,33,Budget
1320,20261201,2026-12-01,2026,12,2,1030,3,37,Budget
1321,20260101,2026-01-01,2026,1,1,1031,3,28,Budget
1322,20260201,2026-02-01,2026,2,1,1031,3,31,Budget
1323,20260301,2026-03-01,2026,3,1,1031,3,31,Budget
1324,20260401,2026-04-01,2026,4,1,1031,3,38,Budget
1325,20260501,2026-05-01,2026,5,1,1031,3,35,Budget
1326,20260601,2026-06-01,2026,6,1,1031,3,37,Budget
1327,20260701,2026-07-01,2026,7,1,1031,3,32,Budget
1328,20260801,2026-08-01,2026,8,1,1031,3,29,Budget
1329,20260901,2026-09-01,2026,9,1,1031,3,36,Budget
1330,20261001,2026-10-01,2026,10,1,1031,3,40,Budget
1331,20261101,2026-11-01,2026,11,1,1031,3,42,Budget
1332,20261201,2026-12-01,2026,12,1,1031,3,41,Budget
1333,20260101,2026-01-01,2026,1,2,1032,3,27,Budget
1334,20260201,2026-02-01,2026,2,2,1032,3,31,Budget
1335,20260301,2026-03-01,2026,3,2,1032,3,28,Budget
1336,20260401,2026-04-01,2026,4,2,1032,3,34,Budget
1337,20260501,2026-05-01,2026,5,2,1032,3,31,Budget
1338,20260601,2026-06-01,2026,6,2,1032,3,35,Budget
1339,20260701,2026-07-01,2026,7,2,1032,3,25,Budget
1340,20260801,2026-08-01,2026,8,2,1032,3,27,Budget
1341,20260901,2026-09-01,2026,9,2,1032,3,35,Budget
1342,20261001,2026-10-01,2026,10,2,1032,3,34,Budget
1343,20261101,2026-11-01,2026,11,2,1032,3,36,Budget
1344,20261201,2026-12-01,2026,12,2,1032,3,40,Budget
1345,20260101,2026-01-01,2026,1,1,1033,3,29,Budget
1346,20260201,2026-02-01,2026,2,1,1033,3,35,Budget
1347,20260301,2026-03-01,2026,3,1,1033,3,33,Budget
1348,20260401,2026-04-01,2026,4,1,1033,3,34,Budget
1349,20260501,2026-05-01,2026,5,1,1033,3,34,Budget
1350,20260601,2026-06-01,2026,6,1,1033,3,42,Budget
1351,20260701,2026-07-01,2026,7,1,1033,3,29,Budget
1352,20260801,2026-08-01,2026,8,1,1033,3,30,Budget
1353,20260901,2026-09-01,2026,9,1,1033,3,37,Budget
1354,20261001,2026-10-01,2026,10,1,1033,3,40,Budget
1355,20261101,2026-11-01,2026,11,1,1033,3,41,Budget
1356,20261201,2026-12-01,2026,12,1,1033,3,43,Budget
1357,20260101,2026-01-01,2026,1,2,1034,3,27,Budget
1358,20260201,2026-02-01,2026,2,2,1034,3,27,Budget
1359,20260301,2026-03-01,2026,3,2,1034,3,32,Budget
1360,20260401,2026-04-01,2026,4,2,1034,3,34,Budget
1361,20260501,2026-05-01,2026,5,2,1034,3,36,Budget
1362,20260601,2026-06-01,2026,6,2,1034,3,37,Budget
1363,20260701,2026-07-01,2026,7,2,1034,3,25,Budget
1364,20260801,2026-08-01,2026,8,2,1034,3,27,Budget
1365,20260901,2026-09-01,2026,9,2,1034,3,35,Budget
1366,20261001,2026-10-01,2026,10,2,1034,3,34,Budget
1367,20261101,2026-11-01,2026,11,2,1034,3,35,Budget
1368,20261201,2026-12-01,2026,12,2,1034,3,38,Budget
1369,20260101,2026-01-01,2026,1,3,1035,3,24,Budget
1370,20260201,2026-02-01,2026,2,3,1035,3,26,Budget
1371,20260301,2026-03-01,2026,3,3,1035,3,27,Budget
1372,20260401,2026-04-01,2026,4,3,1035,3,31,Budget
1373,20260501,2026-05-01,2026,5,3,1035,3,34,Budget
1374,20260601,2026-06-01,2026,6,3,1035,3,33,Budget
1375,20260701,2026-07-01,2026,7,3,1035,3,26,Budget
1376,20260801,2026-08-01,2026,8,3,1035,3,23,Budget
1377,20260901,2026-09-01,2026,9,3,1035,3,31,Budget
1378,20261001,2026-10-01,2026,10,3,1035,3,30,Budget
1379,20261101,2026-11-01,2026,11,3,1035,3,35,Budget
1380,20261201,2026-12-01,2026,12,3,1035,3,38,Budget
1381,20260101,2026-01-01,2026,1,4,1036,3,24,Budget
1382,20260201,2026-02-01,2026,2,4,1036,3,28,Budget
1383,20260301,2026-03-01,2026,3,4,1036,3,26,Budget
1384,20260401,2026-04-01,2026,4,4,1036,3,28,Budget
1385,20260501,2026-05-01,2026,5,4,1036,3,34,Budget
1386,20260601,2026-06-01,2026,6,4,1036,3,30,Budget
1387,20260701,2026-07-01,2026,7,4,1036,3,24,Budget
1388,20260801,2026-08-01,2026,8,4,1036,3,24,Budget
1389,20260901,2026-09-01,2026,9,4,1036,3,32,Budget
1390,20261001,2026-10-01,2026,10,4,1036,3,30,Budget
1391,20261101,2026-11-01,2026,11,4,1036,3,34,Budget
1392,20261201,2026-12-01,2026,12,4,1036,3,36,Budget
1393,20260101,2026-01-01,2026,1,3,1037,3,29,Budget
1394,20260201,2026-02-01,2026,2,3,1037,3,27,Budget
1395,20260301,2026-03-01,2026,3,3,1037,3,28,Budget
1396,20260401,2026-04-01,2026,4,3,1037,3,31,Budget
1397,20260501,2026-05-01,2026,5,3,1037,3,36,Budget
1398,20260601,2026-06-01,2026,6,3,1037,3,33,Budget
1399,20260701,2026-07-01,2026,7,3,1037,3,28,Budget
1400,20260801,2026-08-01,2026,8,3,1037,3,25,Budget
1401,20260901,2026-09-01,2026,9,3,1037,3,33,Budget
1402,20261001,2026-10-01,2026,10,3,1037,3,32,Budget
1403,20261101,2026-11-01,2026,11,3,1037,3,33,Budget
1404,20261201,2026-12-01,2026,12,3,1037,3,39,Budget
1405,20260101,2026-01-01,2026,1,4,1038,3,22,Budget
1406,20260201,2026-02-01,2026,2,4,1038,3,26,Budget
1407,20260301,2026-03-01,2026,3,4,1038,3,28,Budget
1408,20260401,2026-04-01,2026,4,4,1038,3,31,Budget
1409,20260501,2026-05-01,2026,5,4,1038,3,30,Budget
1410,20260601,2026-06-01,2026,6,4,1038,3,32,Budget
1411,20260701,2026-07-01,2026,7,4,1038,3,23,Budget
1412,20260801,2026-08-01,2026,8,4,1038,3,24,Budget
1413,20260901,2026-09-01,2026,9,4,1038,3,27,Budget
1414,20261001,2026-10-01,2026,10,4,1038,3,29,Budget
1415,20261101,2026-11-01,2026,11,4,1038,3,29,Budget
1416,20261201,2026-12-01,2026,12,4,1038,3,33,Budget
1417,20260101,2026-01-01,2026,1,3,1039,3,28,Budget
1418,20260201,2026-02-01,2026,2,3,1039,3,26,Budget
1419,20260301,2026-03-01,2026,3,3,1039,3,28,Budget
1420,20260401,2026-04-01,2026,4,3,1039,3,33,Budget
1421,20260501,2026-05-01,2026,5,3,1039,3,32,Budget
1422,20260601,2026-06-01,2026,6,3,1039,3,33,Budget
1423,20260701,2026-07-01,2026,7,3,1039,3,26,Budget
1424,20260801,2026-08-01,2026,8,3,1039,3,27,Budget
1425,20260901,2026-09-01,2026,9,3,1039,3,30,Budget
1426,20261001,2026-10-01,2026,10,3,1039,3,32,Budget
1427,20261101,2026-11-01,2026,11,3,1039,3,36,Budget
1428,20261201,2026-12-01,2026,12,3,1039,3,40,Budget
1429,20260101,2026-01-01,2026,1,4,1040,3,22,Budget
1430,20260201,2026-02-01,2026,2,4,1040,3,26,Budget
1431,20260301,2026-03-01,2026,3,4,1040,3,30,Budget
1432,20260401,2026-04-01,2026,4,4,1040,3,28,Budget
1433,20260501,2026-05-01,2026,5,4,1040,3,29,Budget
1434,20260601,2026-06-01,2026,6,4,1040,3,29,Budget
1435,20260701,2026-07-01,2026,7,4,1040,3,25,Budget
1436,20260801,2026-08-01,2026,8,4,1040,3,21,Budget
1437,20260901,2026-09-01,2026,9,4,1040,3,31,Budget
1438,20261001,2026-10-01,2026,10,4,1040,3,30,Budget
1439,20261101,2026-11-01,2026,11,4,1040,3,30,Budget
1440,20261201,2026-12-01,2026,12,4,1040,3,34,Budget
